Subfamily;Tribe;Genus;Species;FWL;FWW;HWL;HWW;TL;TW;AL;AW;BL;FA;AR;FHR;WTR;Obs;Source;Subspecies
Satyrinae;Satyrini;Caeruleuptychia;Caeruleuptychia_helena;NA;NA;NA;NA;NA;NA;NA;NA;NA;#VALOR!;#VALOR!;#VALOR!;#VALOR!;;;
Satyrinae;Satyrini;Capronnieria;Capronnieria_abretia;NA;NA;NA;NA;NA;NA;NA;NA;NA;#VALOR!;#VALOR!;#VALOR!;#VALOR!;;;
Satyrinae;Satyrini;Caeruleuptychia;Caeruleuptychia_coelestis;2.21;1.45;1.69;1.54;0.41;0.24;0.65;0.19;0.107;3.205;3.0483;1.308;206.813;;LABOR;
Satyrinae;Satyrini;Cissia;Cissia_phronius;1.81;1.16;1.62;1.33;0.41;0.3;0.66;0.1;0.109;2.1;3.1207;1.117;88.783;;LABOR;
Satyrinae;Satyrini;Erichthodes;Erichthodes_antonina;2.26;1.54;1.75;1.56;0.46;0.26;0.79;0.11;0.13;3.48;2.9351;1.291;164.253;;LABOR;
Satyrinae;Satyrini;Chloreuptychia;Chloreuptychia_chlorimene;2.29;1.28;1.85;1.54;0.47;0.2;0.94;0.11;0.143;2.931;3.5781;1.238;278.941;;LABOR;
Biblidinae;Callicorini;Callicore;Callicore_sorana;3.01;1.82;2.43;1.96;0.72;0.4;0.79;0.28;0.156;5.478;3.3077;1.239;78.647;;LABOR;
Satyrinae;Satyrini;Pseudodebis;Pseudodebis_celia;3.25;2.11;2.96;2.42;0.61;0.39;1.35;0.16;0.199;6.858;3.0806;1.098;113.843;;LABOR;
Charaxinae;Anaeini;Memphis;Memphis_eurypyle;NA;NA;NA;NA;NA;NA;NA;NA;NA;#VALOR!;#VALOR!;#VALOR!;#VALOR!;;;
Charaxinae;Anaeini;Memphis;Memphis_morvus;NA;NA;NA;NA;NA;NA;NA;NA;NA;#VALOR!;#VALOR!;#VALOR!;#VALOR!;;;
Satyrinae;Satyrini;Moneuptychia;Moneuptychia_giffordi;NA;NA;NA;NA;NA;NA;NA;NA;NA;#VALOR!;#VALOR!;#VALOR!;#VALOR!;;;
Satyrinae;Satyrini;Moneuptychia;Moneuptychia_wahlbergi;NA;NA;NA;NA;NA;NA;NA;NA;NA;#VALOR!;#VALOR!;#VALOR!;#VALOR!;;;
Satyrinae;Satyrini;Paryphthimoides;Paryphthimoides_brixius;NA;NA;NA;NA;NA;NA;NA;NA;NA;#VALOR!;#VALOR!;#VALOR!;#VALOR!;;;
Satyrinae;Satyrini;Paryphthimoides;Paryphthimoides_melobosis;NA;NA;NA;NA;NA;NA;NA;NA;NA;#VALOR!;#VALOR!;#VALOR!;#VALOR!;;;
Satyrinae;Satyrini;Pharneuptychia;Pharneuptychia_pharnaces;NA;NA;NA;NA;NA;NA;NA;NA;NA;#VALOR!;#VALOR!;#VALOR!;#VALOR!;;;
Satyrinae;Satyrini;Prenda;Prenda_clarissa;NA;NA;NA;NA;NA;NA;NA;NA;NA;#VALOR!;#VALOR!;#VALOR!;#VALOR!;;;
Charaxinae;Preponini;Prepona;Prepona_pseudomphale;NA;NA;NA;NA;NA;NA;NA;NA;NA;#VALOR!;#VALOR!;#VALOR!;#VALOR!;;;
Satyrinae;Satyrini;Taygetina;Taygetina_oreba;NA;NA;NA;NA;NA;NA;NA;NA;NA;#VALOR!;#VALOR!;#VALOR!;#VALOR!;;;
Satyrinae;Satyrini;Yphthimoides;Yphthimoides_disaffecta;NA;NA;NA;NA;NA;NA;NA;NA;NA;#VALOR!;#VALOR!;#VALOR!;#VALOR!;;;
Satyrinae;Satyrini;Yphthimoides;Yphthimoides_gabriela;NA;NA;NA;NA;NA;NA;NA;NA;NA;#VALOR!;#VALOR!;#VALOR!;#VALOR!;;;
Satyrinae;Satyrini;Yphthimoides;Yphthimoides_nareta;NA;NA;NA;NA;NA;NA;NA;NA;NA;#VALOR!;#VALOR!;#VALOR!;#VALOR!;;;
Charaxinae;Anaeini;Zaretis;Zaretis_falcis;NA;NA;NA;NA;NA;NA;NA;NA;NA;#VALOR!;#VALOR!;#VALOR!;#VALOR!;;;
Charaxinae;Anaeini;Zaretis;Zaretis_itylus;NA;NA;NA;NA;NA;NA;NA;NA;NA;#VALOR!;#VALOR!;#VALOR!;#VALOR!;;;
Satyrinae;Satyrini;Euptychia;Euptychia_westwoodi;1.47;0.93;1.16;0.99;0.25;0.14;0.34;0.06;0.62;1.367;3.1613;1.267;441;;LABOR;
Satyrinae;Satyrini;Pharneuptychia;Pharneuptychia_phares;1.47;0.86;1.14;1.03;0.25;0.12;0.4;0.05;0.64;1.264;3.4186;1.289;600.25;Macho;BoA;
Satyrinae;Satyrini;Euptychia;Euptychia_westwoodi;1.44;0.92;1.14;0.96;0.22;0.14;0.51;0.08;0.75;1.325;3.1304;1.263;480.891;;LABOR;
Satyrinae;Satyrini;Cissia;Cissia_palladia;1.59;1.05;1.21;1.17;0.31;0.18;0.49;0.11;0.79;1.67;3.0286;1.314;251.703;Fêmea;BoA;
Satyrinae;Satyrini;Cissia;Cissia_palladia;1.64;1.06;1.24;1.19;0.32;0.19;0.48;0.1;0.79;1.738;3.0943;1.323;232.825;Fêmea;BoA;
Satyrinae;Satyrini;Cissia;Cissia_palladia;1.56;1.03;1.16;1.13;0.31;0.22;0.49;0.11;0.8;1.607;3.0291;1.345;162.197;Fêmea;BoA;
Satyrinae;Satyrini;Cepheuptychia;Cepheuptychia_cephus;1.86;1.18;1.53;1.31;0.32;0.2;0.52;0.1;0.85;2.195;3.1525;1.216;270.281;;LABOR;
Satyrinae;Satyrini;Hermeuptychia;Hermeuptychia_atalanta;1.67;0.99;1.28;1.16;0.34;0.24;0.55;0.18;0.9;1.653;3.3737;1.305;142.407;;LABOR;
Satyrinae;Satyrini;Paryphthimoides;Paryphthimoides_zeredatha;1.71;1.04;1.37;1.16;0.38;0.2;0.51;0.06;0.9;1.778;3.2885;1.248;192.375;Fêmea;BoA;
Satyrinae;Satyrini;Pharneuptychia;Pharneuptychia_innocentia;1.65;1.07;1.25;1.14;0.3;0.16;0.62;0.08;0.91;1.766;3.0841;1.32;354.492;;LABOR;
Satyrinae;Satyrini;Paryphthimoides;Paryphthimoides_numeria;1.69;1.11;1.39;1.19;0.34;NA;0.62;0.1;0.91;1.876;3.045;1.216;NA;Macho;BoA;
Satyrinae;Satyrini;Cepheuptychia;Cepheuptychia_angelica;2.1;1.33;1.63;1.37;0.34;0.24;0.49;0.12;0.91;2.793;3.1579;1.288;225.184;;LABOR;
Satyrinae;Satyrini;Moneuptychia;Moneuptychia_pervagata;1.57;0.93;1.22;1.03;0.29;0.21;0.62;0.08;0.93;1.46;3.3763;1.287;192.736;;LABOR;
Satyrinae;Satyrini;Pharneuptychia;Pharneuptychia_pharnabazos;1.79;1.12;1.32;1.28;0.33;0.21;0.58;0.1;0.93;2.005;3.1964;1.356;220.168;Sexo não identificado;BoA;
Satyrinae;Satyrini;Stegosatyrus;Stegosatyrus_ocelloides;1.59;0.97;1.26;1.1;0.4;0.24;0.54;0.1;0.94;1.542;3.2784;1.262;109.727;;LABOR;
Satyrinae;Satyrini;Yphthimoides;Yphthimoides_viviana;1.69;0.96;1.31;1.13;0.41;0.24;0.55;0.11;0.94;1.622;3.5208;1.29;120.939;Macho;BoA;
Satyrinae;Satyrini;Caeruleuptychia;Caeruleuptychia_penicillata;1.74;1.08;1.29;1.23;0.36;0.23;0.57;0.11;0.94;1.879;3.2222;1.349;158.979;Macho;BoA;
Satyrinae;Satyrini;Splendeuptychia;Splendeuptychia_cosmophila;1.96;1.12;1.46;1.24;0.36;0.22;0.61;0.16;0.94;2.195;3.5;1.342;220.478;Sexo não identificado;BoA;
Satyrinae;Satyrini;Splendeuptychia;Splendeuptychia_hygina;2.06;1.23;1.63;1.31;0.36;0.18;0.54;0.08;0.94;2.534;3.3496;1.264;363.82;;LABOR;
Satyrinae;Satyrini;Paryphthimoides;Paryphthimoides_terrestris;1.86;1.15;1.44;1.25;0.34;0.21;0.56;0.09;0.95;2.139;3.2348;1.292;230.732;;LABOR;
Satyrinae;Satyrini;Yphthimoides;Yphthimoides_affinis;1.87;1.24;1.5;1.37;0.38;0.21;0.59;0.11;0.95;2.319;3.0161;1.247;208.67;;LABOR;
Satyrinae;Satyrini;Yphthimoides;Yphthimoides_affinis;1.93;1.31;1.57;1.4;0.34;0.2;0.62;0.15;0.95;2.528;2.9466;1.229;273.89;;LABOR;
Satyrinae;Satyrini;Stegosatyrus;Stegosatyrus_ocelloides;1.58;1.03;1.3;1.09;0.39;0.25;0.57;0.09;0.96;1.627;3.068;1.215;102.416;;LABOR;
Satyrinae;Satyrini;Splendeuptychia;Splendeuptychia_libitina;1.7;1.02;1.31;1.15;0.34;0.22;0.59;0.06;0.96;1.734;3.3333;1.298;175.62;;LABOR;
Satyrinae;Satyrini;Godartiana;Godartiana_byses;2.21;1.36;1.72;1.49;0.37;0.24;0.61;NA;0.96;3.006;3.25;1.285;229.171;;LABOR;
Satyrinae;Satyrini;Hermeuptychia;Hermeuptychia_gisella;1.51;0.9;1.1;1.05;0.37;0.19;0.64;0.08;0.97;1.359;3.3556;1.373;170.704;;LABOR;
Satyrinae;Satyrini;Pampasatyrus;Pampasatyrus_reticulata;1.43;0.97;1.2;0.95;0.25;0.22;0.65;0.09;0.97;1.387;2.9485;1.192;169;;LABOR;
Satyrinae;Satyrini;Pharneuptychia;Pharneuptychia_phares;1.54;0.92;1.17;;0.33;0.18;0.66;0.06;0.97;1.417;3.3478;1.316;221.811;Macho;BoA;
Satyrinae;Satyrini;Yphthimoides;Yphthimoides_affinis;1.81;1.2;1.44;1.34;0.39;0.19;0.56;0.1;0.97;2.172;3.0167;1.257;232.694;;LABOR;
Satyrinae;Satyrini;Splendeuptychia;Splendeuptychia_doxes;2.05;1.24;1.63;1.36;0.38;0.2;0.56;0.06;0.97;2.542;3.3065;1.258;276.48;;LABOR;
Satyrinae;Satyrini;Haywardella;Haywardella_edmondsii;2;1.26;1.51;1.29;0.41;0.2;0.57;0.12;0.98;2.52;3.1746;1.325;243.902;Sexo não identificado;BoA;
Satyrinae;Satyrini;Hermeuptychia;Hermeuptychia_gisella;1.64;1.02;1.29;1.11;0.31;0.22;0.71;0.1;0.99;1.673;3.2157;1.271;179.259;;LABOR;
Satyrinae;Satyrini;Splendeuptychia;Splendeuptychia_ambra;1.77;1.08;1.35;1.21;0.35;0.2;0.64;0.06;1;1.912;3.2778;1.311;223.779;;LABOR;
Satyrinae;Satyrini;Paryphthimoides;Paryphthimoides_poltys;1.76;1.13;1.44;1.24;0.32;0.23;0.66;0.1;1;1.989;3.115;1.222;182.987;;LABOR;
Satyrinae;Satyrini;Paryphthimoides;Paryphthimoides_terrestris;1.81;1.15;1.46;1.27;0.39;0.23;0.58;0.07;1;2.082;3.1478;1.24;158.795;;LABOR;
Satyrinae;Satyrini;Pareuptychia;Pareuptychia_ocirrhoe;1.94;1.19;1.59;1.3;0.37;0.21;0.62;0.06;1;2.309;3.2605;1.22;230.655;;LABOR;
Satyrinae;Satyrini;Chloreuptychia;Chloreuptychia_herseis;2.1;1.21;1.63;1.29;0.39;0.17;0.59;0.1;1.01;2.541;3.4711;1.288;391.27;;LABOR;
Satyrinae;Satyrini;Splendeuptychia;Splendeuptychia_libitina;1.73;1.02;1.29;1.17;0.28;0.2;0.73;0.1;1.02;1.765;3.3922;1.341;267.223;;LABOR;
Satyrinae;Satyrini;Hermeuptychia;Hermeuptychia_atalanta;1.69;1.09;1.36;1.24;0.36;0.19;0.62;0.1;1.02;1.842;3.1009;1.243;219.768;;LABOR;
Satyrinae;Satyrini;Magneuptychia;Magneuptychia_pallema;2.12;1.33;1.53;1.47;0.4;0.18;0.61;0.12;1.02;2.82;3.188;1.386;346.79;;LABOR;
Satyrinae;Satyrini;Moneuptychia;Moneuptychia_pervagata;1.66;1;1.24;1.14;0.34;0.23;0.6;0.08;1.03;1.66;3.32;1.339;153.208;;LABOR;
Satyrinae;Satyrini;Carminda;Carminda_paeon;1.76;1.12;1.5;1.35;0.35;0.27;0.7;0.11;1.03;1.971;3.1429;1.173;121.403;;LABOR;
Satyrinae;Satyrini;Splendeuptychia;Splendeuptychia_latia;2.09;1.23;1.66;1.27;0.38;0.23;0.65;0.15;1.03;2.571;3.3984;1.259;217.297;Fêmea;BoA;
Satyrinae;Satyrini;Splendeuptychia;Splendeuptychia_libitina;1.75;1.01;1.34;1.16;0.39;0.18;0.6;0.16;1.04;1.768;3.4653;1.306;242.363;;LABOR;
Satyrinae;Satyrini;Cissia;Cissia_phronius;1.78;1.13;1.51;1.29;0.43;0.27;0.55;0.08;1.04;2.011;3.1504;1.179;101.075;;LABOR;
Satyrinae;Satyrini;Pharneuptychia;Pharneuptychia_innocentia;1.74;1.21;1.35;1.23;0.31;0.18;0.65;0.11;1.04;2.105;2.876;1.289;301.434;;LABOR;
Satyrinae;Satyrini;Yphthimoides;Yphthimoides_celmis;1.9;1.21;1.48;1.33;0.37;0.2;0.69;0.11;1.04;2.299;3.1405;1.284;243.919;;LABOR;
Satyrinae;Satyrini;Moneuptychia;Moneuptychia_pervagata;1.64;1.05;1.34;1.16;0.36;0.27;0.63;0.11;1.05;1.722;3.1238;1.224;102.484;;LABOR;
Satyrinae;Satyrini;Pampasatyrus;Pampasatyrus_reticulata;1.63;1.14;1.4;1.17;0.3;0.18;0.74;0.09;1.05;1.858;2.8596;1.164;273.344;;LABOR;
Satyrinae;Satyrini;Moneuptychia;Moneuptychia_soter;1.72;1.11;1.42;1.24;0.39;0.21;0.63;0.12;1.05;1.909;3.0991;1.211;172.01;;LABOR;
Satyrinae;Satyrini;Hermeuptychia;Hermeuptychia_hermes;1.75;1.1;1.37;1.25;0.33;0.23;0.73;0.1;1.06;1.925;3.1818;1.277;175.431;;LABOR;
Satyrinae;Satyrini;Cissia;Cissia_phronius;2.06;1.3;1.71;1.43;0.4;0.24;0.71;0.12;1.06;2.678;3.1692;1.205;184.184;;LABOR;
Satyrinae;Satyrini;Hermeuptychia;Hermeuptychia_hermes;1.67;1.02;1.34;1.18;0.36;0.21;0.65;0.1;1.07;1.703;3.2745;1.246;175.668;;LABOR;
Satyrinae;Satyrini;Hermeuptychia;Hermeuptychia_atalanta;1.68;1.07;1.28;1.19;0.35;0.23;0.68;0.09;1.07;1.798;3.1402;1.313;152.439;;LABOR;
Satyrinae;Satyrini;Hermeuptychia;Hermeuptychia_gisella;1.76;1.06;1.31;1.25;0.36;0.19;0.7;0.12;1.07;1.866;3.3208;1.344;238.35;;LABOR;
Satyrinae;Satyrini;Paryphthimoides;Paryphthimoides_poltys;1.78;1.09;1.41;1.25;1.35;0.19;0.68;0.07;1.07;1.94;3.2661;1.262;65.013;;LABOR;
Satyrinae;Satyrini;Cissia;Cissia_penelope;1.79;1.13;1.51;1.39;0.41;0.24;0.67;0.12;1.07;2.023;3.1681;1.185;135.675;Sexo não identificado;BoA;
Satyrinae;Satyrini;Pareuptychia;Pareuptychia_ocirrhoe;1.88;1.21;1.5;1.3;0.39;0.21;0.69;0.06;1.07;2.275;3.1074;1.253;205.5;;LABOR;
Satyrinae;Satyrini;Moneuptychia;Moneuptychia_itapeva;1.72;0.99;1.29;1.12;0.32;0.22;0.64;0.09;1.08;1.703;3.4747;1.333;191.012;;LABOR;
Satyrinae;Satyrini;Euptychoides;Euptychoides_castrensis;1.94;1.21;1.62;1.43;0.34;0.29;0.71;0.09;1.08;2.347;3.2066;1.198;131.622;;LABOR;
Satyrinae;Satyrini;Erichthodes ;Erichthodes_narapa;1.98;1.21;1.63;1.25;0.38;0.14;0.65;0.09;1.08;2.396;3.2727;1.215;526.369;;VOUCHER;
Satyrinae;Satyrini;Hermeuptychia;Hermeuptychia_maimoune;1.87;1.15;1.36;1.34;0.4;0.22;0.69;0.07;1.09;2.151;3.2522;1.375;180.625;Sexo não identificado;BoA;
Satyrinae;Satyrini;Hermeuptychia;Hermeuptychia_maimoune;1.89;1.15;1.39;1.32;0.41;0.14;0.69;0.07;1.09;2.174;3.287;1.36;444.512;Macho;BoA;
Satyrinae;Satyrini;Forsterinaria;Forsterinaria_pronophila;1.98;1.28;1.59;1.42;0.39;0.26;0.67;0.11;1.09;2.534;3.0938;1.245;148.703;;LABOR;
Satyrinae;Satyrini;Moneuptychia;Moneuptychia_montana;1.59;1.08;1.3;1.12;0.37;0.25;0.66;0.06;1.1;1.717;2.9444;1.223;109.323;;LABOR;
Satyrinae;Satyrini;Cissia;Cissia_eous;1.96;1.17;0.158;1.31;0.39;0.2;0.72;0.06;1.1;2.293;3.3504;12.405;246.256;;VOUCHER;
Satyrinae;Satyrini;Paryphthimoides;Paryphthimoides_grimon;2.07;1.31;1.62;1.42;0.4;0.21;0.68;0.13;1.1;2.712;3.1603;1.278;242.908;;LABOR;
Satyrinae;Satyrini;Stegosatyrus;Stegosatyrus_ocelloides;1.54;1.05;1.26;1.1;0.39;0.22;0.68;0.09;1.11;1.617;2.9333;1.222;125.641;;LABOR;
Satyrinae;Satyrini;Hermeuptychia;Hermeuptychia_hermes;1.67;1.01;1.27;1.21;0.37;0.18;0.73;0.11;1.11;1.687;3.3069;1.315;232.641;;LABOR;
Satyrinae;Satyrini;Cissia;Cissia_eous;1.94;1.09;1.52;1.29;0.43;0.17;0.58;0.1;1.11;2.115;3.5596;1.276;302.857;;VOUCHER;
Satyrinae;Satyrini;Yphthimoides;Yphthimoides_ordinaria;2;1.19;0.61;1.4;0.36;0.18;0.73;0.11;1.11;2.38;3.3613;3.279;342.936;;LABOR;
Satyrinae;Satyrini;Carminda;Carminda_umuarama;1.98;1.22;1.59;1.36;0.49;0.33;0.66;0.15;1.11;2.416;3.2459;1.245;73.469;;LABOR;
Satyrinae;Satyrini;Yphthimoides;Yphthimoides_yphthima;2.01;1.25;1.53;NA;0.4;NA;0.74;0.13;1.11;2.513;3.216;1.314;NA;Macho;BoA;
Satyrinae;Satyrini;Yphthimoides;Yphthimoides_yphthima;2.01;1.25;1.53;NA;0.4;NA;0.74;0.13;1.11;2.513;3.216;1.314;NA;Macho;BoA;
Satyrinae;Satyrini;Moneuptychia;Moneuptychia_soter;1.74;1.07;1.35;1.27;0.34;0.26;0.79;0.1;1.12;1.862;3.2523;1.289;131.726;;LABOR;
Satyrinae;Satyrini;Paryphthimoides;Paryphthimoides_terrestris;1.8;1.09;1.42;1.22;0.35;0.29;0.78;0.1;1.12;1.962;3.3028;1.268;110.073;;LABOR;
Satyrinae;Satyrini;Carminda;Carminda_paeon;1.8;1.19;1.53;1.41;0.43;0.28;0.59;0.1;1.12;2.142;3.0252;1.176;96.108;;LABOR;
Satyrinae;Satyrini;Atlanteuptychia;Atlanteuptychia_ernestina;1.97;1.12;1.69;1.31;0.42;0.29;0.67;0.07;1.12;2.206;3.5179;1.166;109.872;;LABOR;
Satyrinae;Satyrini;Yphthimoides;Yphthimoides_ochracea;1.95;1.2;1.6;1.39;0.36;0.19;0.74;0.12;1.12;2.34;3.25;1.219;292.59;;LABOR;
Satyrinae;Satyrini;Yphthimoides;Yphthimoides_pacta;1.91;1.25;1.56;1.45;0.38;0.24;0.72;0.14;1.12;2.388;3.056;1.224;166.671;;LABOR;
Satyrinae;Satyrini;Yphthimoides;Yphthimoides_pacta;1.9;1.28;1.53;1.38;0.38;0.2;0.78;0.11;1.12;2.432;2.9688;1.242;237.5;;LABOR;
Satyrinae;Satyrini;Taygetis;Taygetis_cleopatra;3.51;2.22;2.97;2.45;0.72;0.46;1.36;0.18;1.12;7.792;3.1622;1.182;80.866;;LABOR;
Biblidinae;Biblidini;Mestra;Mestra_dorcas;1.58;0.94;1.33;0.94;NA;NA;NA;0.07;1.13;1.485;3.3617;1.188;NA;Sexo não identificado;BoA;
Satyrinae;Satyrini;Moneuptychia;Moneuptychia_soter;1.73;1.07;0.133;1.21;0.41;0.3;0.73;0.11;1.13;1.851;3.2336;13.008;81.108;;LABOR;
Satyrinae;Satyrini;Splendeuptychia;Splendeuptychia_ambra;1.81;1.1;1.45;1.31;0.35;0.23;0.73;0.07;1.13;1.991;3.2909;1.248;176.943;;LABOR;
Satyrinae;Satyrini;Cissia;Cissia_eous;1.87;1.13;1.53;1.3;0.38;0.13;0.67;0.08;1.13;2.113;3.3097;1.222;544.519;;VOUCHER;
Satyrinae;Satyrini;Yphthimoides;Yphthimoides_celmis;1.9;1.23;1.49;1.38;0.37;0.22;0.73;0.1;1.13;2.337;3.0894;1.275;201.586;;LABOR;
Satyrinae;Satyrini;Cepheuptychia;Cepheuptychia_cephus;2.44;1.56;1.83;1.61;0.44;0.3;0.7;0.15;1.13;3.806;3.1282;1.333;150.343;;LABOR;
Satyrinae;Satyrini;Paryphthimoides;Paryphthimoides_poltys;1.79;1.09;1.41;1.27;0.34;0.23;0.76;0.1;1.14;1.951;3.2844;1.27;178.144;;LABOR;
Satyrinae;Satyrini;Amiga;Amiga_arnaca;1.94;1.1;1.56;1.24;0.21;0.42;0.74;0.09;1.14;2.134;3.5273;1.244;101.598;;LABOR;
Satyrinae;Satyrini;Carminda;Carminda_paeon;1.89;1.22;1.58;1.47;0.42;0.31;0.75;0.09;1.14;2.306;3.0984;1.196;88.502;;LABOR;
Satyrinae;Satyrini;Chloreuptychia;Chloreuptychia_chlorimene;2.13;1.2;1.72;1.44;0.37;0.2;0.74;0.1;1.14;2.556;3.55;1.238;306.547;;LABOR;
Satyrinae;Satyrini;Splendeuptychia;Splendeuptychia_doxes;2.19;1.3;1.72;1.47;0.42;0.26;0.68;0.05;1.14;2.847;3.3692;1.273;168.924;;LABOR;
Satyrinae;Satyrini;Pareuptychia;Pareuptychia_ocirrhoe;2.18;1.46;1.77;1.54;0.43;0.23;0.72;0.1;1.14;3.183;2.9863;1.232;208.924;;LABOR;
Satyrinae;Satyrini;Pampasatyrus;Pampasatyrus_quies;2.17;1.48;NA;NA;0.5;0.23;0.67;0.14;1.14;3.212;2.9324;NA;178.03;Macho;BoA;
Satyrinae;Satyrini;Erichthodes;Erichthodes_antonina;2.26;1.59;1.77;1.61;0.48;0.23;0.71;0.11;1.14;3.593;2.8428;1.277;201.15;;LABOR;
Satyrinae;Satyrini;Atlanteuptychia;Atlanteuptychia_ernestina;1.95;1.17;1.69;1.33;0.39;0.23;0.77;0.09;1.15;2.282;3.3333;1.154;184.31;;LABOR;
Biblidinae;Epiphilini;Nica;Nica_flavilla;2.01;1.34;1.61;1.45;0.53;0.29;0.61;0.12;1.15;2.693;3;1.248;90.64;;LABOR;
Satyrinae;Satyrini;Moneuptychia;Moneuptychia_melchiades;2.15;1.38;1.73;1.56;0.39;0.24;0.76;0.18;1.15;2.967;3.1159;1.243;205.774;Fêmea;BoA;
Satyrinae;Satyrini;Erichthodes;Erichthodes_antonina;2.28;1.57;1.77;1.58;0.42;0.26;0.79;0.11;1.15;3.58;2.9045;1.288;183.094;;LABOR;
Satyrinae;Satyrini;Yphthimoides;Yphthimoides_ochracea;1.9;1.27;1.52;1.45;0.42;0.2;0.83;0.1;1.16;2.413;2.9921;1.25;214.881;;LABOR;
Biblidinae;Catonephelini;Ectima;Ectima_thecla;2.1;1.3;1.51;1.48;0.45;0.23;0.67;0.12;1.16;2.73;3.2308;1.391;185.255;;LABOR;
Satyrinae;Satyrini;Magneuptychia;Magneuptychia_libye;2.18;1.38;1.71;1.6;0.38;0.22;0.76;0.1;1.16;3.008;3.1594;1.275;258.395;;LABOR;
Satyrinae;Satyrini;Pharneuptychia;Pharneuptychia_innocentia;1.78;1.2;1.42;1.27;0.34;0.21;0.74;0.07;1.17;2.136;2.9667;1.254;211.311;;LABOR;
Satyrinae;Satyrini;Chloreuptychia;Chloreuptychia_herseis;2.19;1.19;1.73;1.3;0.48;0.24;0.68;0.07;1.17;2.606;3.6807;1.266;173.47;;LABOR;
Satyrinae;Satyrini;Yphthimoides;Yphthimoides_angularis;2.05;1.31;1.66;1.38;0.45;0.29;0.73;0.13;1.17;2.686;3.1298;1.235;111.045;;LABOR;
Satyrinae;Satyrini;Yphthimoides;Yphthimoides_renata;1.96;1.17;1.49;1.36;0.38;0.2;0.82;0.09;1.18;2.293;3.3504;1.315;252.737;;LABOR;
Biblidinae;Epiphilini;Temenis;Temenis_laothoe;1.99;1.18;1.57;1.36;0.56;0.24;0.59;0.11;1.18;2.348;3.3729;1.268;122.771;;LABOR;
Satyrinae;Satyrini;Yphthimoides;Yphthimoides_renata;2.04;1.28;1.62;1.48;0.38;0.23;0.82;0.11;1.18;2.611;3.1875;1.259;207.024;;LABOR;
Satyrinae;Satyrini;Yphthimoides;Yphthimoides_angularis;2.14;1.3;1.88;1.44;0.44;0.28;0.73;0.16;1.18;2.782;3.2923;1.138;132.757;;LABOR;
Satyrinae;Satyrini;Yphthimoides;Yphthimoides_patricia;2.18;1.43;1.74;1.58;0.48;0.25;0.71;0.13;1.18;3.117;3.049;1.253;158.413;;LABOR;
Satyrinae;Satyrini;Yphthimoides;Yphthimoides_celmis;1.88;1.19;1.48;1.34;0.4;0.2;0.73;0.1;1.19;2.237;3.1597;1.27;220.9;;LABOR;
Satyrinae;Satyrini;Carminda;Carminda_umuarama;2.03;1.27;1.74;1.48;0.49;0.3;0.66;0.15;1.19;2.578;3.1969;1.167;93.444;;LABOR;
Satyrinae;Satyrini;Godartiana;Godartiana_byses;2.05;1.29;1.6;1.41;0.39;0.29;0.76;0.06;1.19;2.645;3.1783;1.281;128.129;;LABOR;
Satyrinae;Satyrini;Pareuptychia;Pareuptychia_summandosa;2.13;1.32;1.73;1.47;0.37;0.2;0.84;0.11;1.2;2.812;3.2273;1.231;306.547;Macho;BoA;
Satyrinae;Satyrini;Pampasatyrus;Pampasatyrus_glaucope;2.04;1.38;1.74;1.42;0.4;0.17;0.75;0.09;1.2;2.815;2.9565;1.172;360;;LABOR;
Charaxinae;Anaeini;Memphis;Memphis_hirta;2.623;1.881;2.098;1.945;0.617;0.211;0.602;0.269;1.209;4.934;2.7889;1.25;250.465;;Aline_Zeiss;
Satyrinae;Satyrini;Amiga;Amiga_arnaca;1.9;1.04;1.52;1.13;0.27;0.36;0.78;0.09;1.21;1.976;3.6538;1.25;103.166;;LABOR;
Biblidinae;Epiphilini;Temenis;Temenis_laothoe;1.88;1.15;1.5;1.31;0.5;0.25;0.7;0.11;1.21;2.162;3.2696;1.253;113.101;;LABOR;
Satyrinae;Satyrini;Carminda;Carminda_griseldis;1.94;1.21;1.59;1.38;0.44;0.34;0.78;0.1;1.21;2.347;3.2066;1.22;73.993;;LABOR;
Satyrinae;Satyrini;Splendeuptychia;Splendeuptychia_doxes;2.06;1.23;1.58;1.35;0.44;0.23;0.79;0.09;1.21;2.534;3.3496;1.304;182.317;;LABOR;
Satyrinae;Satyrini;Erichthodes ;Erichthodes_narapa;2;1.27;1.57;1.32;0.36;0.14;0.78;0.07;1.21;2.54;3.1496;1.274;566.893;;VOUCHER;
Satyrinae;Satyrini;Forsterinaria;Forsterinaria_pronophila;2.06;1.35;1.64;1.5;0.42;0.24;0.82;0.08;1.21;2.781;3.0519;1.256;175.413;;LABOR;
Satyrinae;Satyrini;Yphthimoides;Yphthimoides_pacta;2.07;1.36;1.69;1.51;0.44;0.21;0.76;0.15;1.21;2.815;3.0441;1.225;220.826;;LABOR;
Biblidinae;Biblidini;Mestra;Mestra_dorcas;2.37;1.31;1.6;1.64;0.39;0.13;0.81;0.08;1.21;3.105;3.6183;1.481;852.208;;FMNH;
Charaxinae;Anaeini;Memphis;Memphis_hirta;2.329;1.637;1.813;1.658;0.546;0.275;0.593;0.14;1.212;3.813;2.8454;1.285;131.365;;Aline_Zeiss;
Satyrinae;Satyrini;Stegosatyrus;Stegosatyrus_periphas;1.76;1.06;1.35;1.17;0.38;0.14;0.83;0.15;1.22;1.866;3.3208;1.304;415.897;Fêmea;BoA;
Satyrinae;Satyrini;Yphthimoides;Yphthimoides_patricia;2.17;1.39;1.74;1.56;0.42;0.21;0.82;0.12;1.22;3.016;3.1223;1.247;254.233;;LABOR;
Charaxinae;Anaeini;Memphis;Memphis_hirta;2.225;1.614;1.707;1.544;0.515;0.288;0.591;0.143;1.22;3.591;2.7571;1.303;115.896;;Aline_Zeiss;
Satyrinae;Satyrini;Moneuptychia;Moneuptychia_itapeva;1.84;1.17;1.45;1.3;0.35;0.23;0.82;0.08;1.23;2.153;3.1453;1.269;182.857;;LABOR;
Satyrinae;Satyrini;Forsterinaria;Forsterinaria_pronophila;2.02;1.3;1.63;1.46;0.41;0.28;0.79;0.08;1.23;2.626;3.1077;1.239;126.941;;LABOR;
Satyrinae;Satyrini;Magneuptychia;Magneuptychia_pallema;2.15;1.31;1.7;1.57;0.47;0.24;0.75;0.1;1.23;2.817;3.2824;1.265;170.748;;LABOR;
Satyrinae;Satyrini;Capronnieria;Capronnieria_galesus;2.13;1.33;1.79;1.52;0.38;0.28;0.82;0.1;1.23;2.833;3.203;1.19;152.286;;LABOR;
Satyrinae;Satyrini;Splendeuptychia;Splendeuptychia_hygina;1.88;1.08;1.48;1.2;0.32;0.17;0.84;0.11;1.24;2.03;3.4815;1.27;382.18;;LABOR;
Biblidinae;Callicorini;Haematera;Haematera_pyrame;1.88;1.09;1.42;1.3;0.51;0.23;0.79;0.11;1.24;2.049;3.4495;1.324;131.006;;LABOR;
Satyrinae;Satyrini;Yphthimoides;Yphthimoides_yphthima;1.97;1.26;1.63;1.37;0.37;0.19;0.87;0.25;1.24;2.482;3.127;1.209;290.552;Sexo não identificado;BoA;
Satyrinae;Satyrini;Yphthimoides;Yphthimoides_yphthima;1.97;1.26;1.63;1.37;0.37;0.19;0.87;0.25;1.24;2.482;3.127;1.209;290.552;Sexo não identificado;BoA;
Satyrinae;Satyrini;Carminda;Carminda_griseldis;2.06;1.25;1.71;1.49;0.51;0.3;0.75;0.12;1.24;2.575;3.296;1.205;92.453;;LABOR;
Satyrinae;Satyrini;Yphthimoides;Yphthimoides_renata;2.08;1.25;1.59;1.49;0.37;0.28;0.87;0.1;1.24;2.6;3.328;1.308;149.145;;LABOR;
Satyrinae;Satyrini;Carminda;Carminda_griseldis;2.12;1.27;1.68;1.45;0.44;0.26;0.75;0.09;1.24;2.692;3.3386;1.262;151.103;;LABOR;
Satyrinae;Satyrini;Yphthimoides;Yphthimoides_patricia;2.15;1.36;1.79;1.62;0.38;0.23;0.86;0.14;1.24;2.924;3.1618;1.201;229.952;;LABOR;
Charaxinae;Anaeini;Memphis;Memphis_hirta;2.475;1.756;1.925;1.693;0.635;0.305;0.64;0.147;1.242;4.346;2.8189;1.286;103.7;;Aline_Zeiss;
Satyrinae;Satyrini;Yphthimoides;Yphthimoides_ordinaria;1.97;1.18;1.66;1.47;0.39;0.18;0.87;0.1;1.25;2.325;3.339;1.187;307.13;;LABOR;
Satyrinae;Satyrini;Capronnieria;Capronnieria_galesus;1.93;1.22;1.57;1.36;0.43;0.27;0.82;0.11;1.25;2.355;3.1639;1.229;118.828;;LABOR;
Satyrinae;Satyrini;Chloreuptychia;Chloreuptychia_herseis;2.24;1.19;1.72;1.34;0.39;0.27;0.75;0.09;1.25;2.666;3.7647;1.302;176.483;;LABOR;
Satyrinae;Satyrini;Magneuptychia;Magneuptychia_pallema;2.32;1.42;1.81;1.61;0.44;0.32;0.82;0.13;1.25;3.294;3.2676;1.282;119.46;;LABOR;
Satyrinae;Satyrini;Yphthimoides;Yphthimoides_mimula;2.02;1.21;1.64;1.46;0.44;0.21;0.82;0.13;1.26;2.444;3.3388;1.232;210.287;;LABOR;
Biblidinae;Catonephelini;Ectima;Ectima_thecla;2.09;1.34;1.55;1.45;0.43;0.2;0.9;0.13;1.26;2.801;3.1194;1.348;253.959;;LABOR;
Satyrinae;Satyrini;Yphthimoides;Yphthimoides_mimula;2.09;1.35;1.67;1.59;0.45;0.24;0.84;0.1;1.26;2.822;3.0963;1.251;168.522;;LABOR;
Biblidinae;Epiphilini;Nica;Nica_flavilla;2.21;1.3;1.63;1.38;0.56;0.3;0.69;0.12;1.26;2.873;3.4;1.356;96.907;;LABOR;
Satyrinae;Satyrini;Yphthimoides;Yphthimoides_ordinaria;2.24;1.36;1.81;1.54;0.41;0.24;0.86;0.11;1.26;3.046;3.2941;1.238;212.466;;LABOR;
Satyrinae;Satyrini;Praepedaliodes;Praepedaliodes_phanias;2.72;1.79;2.27;1.91;0.44;0.33;0.77;0.11;1.26;4.869;3.0391;1.198;154.404;;LABOR;
Biblidinae;Callicorini;Callicore;Callicore_hydaspes;2.03;1.22;1.42;1.3;0.66;0.37;0.57;0.18;1.27;2.477;3.3279;1.43;45.608;;LABOR;
Satyrinae;Satyrini;Yphthimoides;Yphthimoides_mimula;2.09;1.41;1.65;1.56;0.43;0.23;0.84;0.11;1.27;2.947;2.9645;1.267;192.03;;LABOR;
Satyrinae;Satyrini;Amiga;Amiga_arnaca;2.02;1.16;1.6;1.25;0.3;0.24;0.78;0.07;1.28;2.343;3.4828;1.263;236.134;;LABOR;
Satyrinae;Satyrini;Pampasatyrus;Pampasatyrus_glaucope;1.98;1.23;1.68;1.36;0.42;0.23;0.85;0.13;1.28;2.435;3.2195;1.179;176.452;;LABOR;
Satyrinae;Satyrini;Magneuptychia;Magneuptychia_alcinoe;2.12;1.3;1.55;1.52;0.58;0.27;0.68;0.13;1.28;2.756;3.2615;1.368;106.296;Sexo não identificado;BoA;
Satyrinae;Satyrini;Euptychoides;Euptychoides_castrensis;2.38;1.47;1.97;1.69;0.43;0.35;0.81;0.11;1.28;3.499;3.2381;1.208;107.535;;LABOR;
Charaxinae;Anaeini;Fountainea;Fountainea_halice;2.42;1.57;1.96;1.29;NA;NA;NA;0.13;1.28;3.799;3.0828;1.235;NA;Macho;BoA;moretta
Charaxinae;Anaeini;Zaretis;Zaretis_strigosus;2.845;2.032;1.954;1.8;0.662;0.339;0.575;0.145;1.288;5.781;2.8002;1.456;106.392;;Aline_Zeiss;
Satyrinae;Satyrini;Cissia;Cissia_myncea;2.13;1.34;1.6;1.52;0.44;0.19;0.86;0.1;1.29;2.854;3.1791;1.331;285.627;Macho;BoA;
Satyrinae;Satyrini;Pareuptychia;Pareuptychia_hesioniades;2.32;1.44;1.85;1.46;0.48;0.18;0.81;0.12;1.29;3.341;3.2222;1.254;346.091;;FMNH;
Biblidinae;Epiphilini;Pyrrhogyra;Pyrrhogyra_neaerea;2.59;1.63;1.97;1.71;0.56;0.31;0.72;0.14;1.29;4.222;3.1779;1.315;124.649;;LABOR;
Charaxinae;Anaeini;Memphis;Memphis_hirta;2.477;1.84;1.918;1.831;0.609;0.264;0.644;0.215;1.298;4.558;2.6924;1.291;144.553;;Aline_Zeiss;
Biblidinae;Callicorini;Haematera;Haematera_pyrame;1.83;1.07;1.41;1.31;0.5;0.28;0.72;0.11;1.3;1.958;3.4206;1.298;85.431;;LABOR;
Satyrinae;Satyrini;Cissia;Cissia_myncea;2.13;1.35;1.64;1.55;0.46;0.2;0.85;0.1;1.3;2.876;3.1556;1.299;246.571;Macho;BoA;
Satyrinae;Satyrini;Yphthimoides;Yphthimoides_ochracea;2.13;1.49;1.71;1.64;0.48;0.27;0.82;0.14;1.31;3.174;2.8591;1.246;129.655;;LABOR;
Satyrinae;Satyrini;Archeuptychia;Archeuptychia_cluena;2.45;1.56;2.1;1.72;0.45;0.33;0.85;0.12;1.31;3.822;3.141;1.167;122.488;;LABOR;
Satyrinae;Satyrini;Yphthimoides;Yphthimoides_borasta;2.58;1.62;2.09;1.82;0.51;0.28;0.8;0.19;1.31;4.18;3.1852;1.234;166.477;;LABOR;
Satyrinae;Satyrini;Yphthimoides;Yphthimoides_maepius;2.11;1.33;1.61;1.43;NA;NA;NA;NA;1.32;2.806;3.1729;1.311;NA;Macho;BoA;
Charaxinae;Anaeini;Memphis;Memphis_hirta;2.562;1.881;2.042;1.913;0.603;0.351;0.723;0.226;1.323;4.819;2.7241;1.255;88.354;;Aline_Zeiss;
Satyrinae;Morphini;Morpho;Morpho_portis;4.202;2.415;3.252;2.77;0.456;0.229;0.801;0.192;1.326;10.148;3.4799;1.292;738.374;;Aline_Zeiss;
Biblidinae;Biblidini;Mestra;Mestra_hersilia;2.17;1.14;1.46;1.45;0.38;0.19;0.95;0.06;1.33;2.474;3.807;1.486;343.264;;LABOR;
Biblidinae;Callicorini;Callicore;Callicore_hydaspes;1.97;1.26;1.45;1.29;0.53;0.32;0.75;0.19;1.33;2.482;3.127;1.359;71.508;;LABOR;
Satyrinae;Satyrini;Godartiana;Godartiana_muscosa;2.16;1.36;1.74;1.48;0.47;0.31;0.77;0.06;1.33;2.938;3.1765;1.241;103.297;;LABOR;
Satyrinae;Satyrini;Paryphthimoides;Paryphthimoides_grimon;2.12;1.45;1.79;1.67;0.46;0.21;0.83;0.1;1.33;3.074;2.9241;1.184;221.552;;LABOR;
Satyrinae;Satyrini;Caeruleuptychia;Caeruleuptychia_cyanites;2.36;1.46;1.88;1.76;0.51;0.25;0.83;0.12;1.33;3.446;3.2329;1.255;174.733;Sexo não identificado;BoA;
Charaxinae;Anaeini;Fountainea;Fountainea_halice;2.36;1.64;1.87;1.7;0.48;0.28;0.85;0.11;1.33;3.87;2.878;1.262;148.002;Macho;BoA;moretta
Biblidinae;Biblidini;Mestra;Mestra_dorcas;2.19;1.19;1.46;1.48;0.35;0.15;0.98;0.05;1.34;2.606;3.6807;1.5;609.029;;FMNH;
Satyrinae;Satyrini;Godartiana;Godartiana_byses;2.14;1.33;1.72;1.46;0.39;0.36;0.86;0.08;1.34;2.846;3.218;1.244;90.606;;LABOR;
Satyrinae;Satyrini;Zischkaia;Zischkaia_saundersii;2.5;1.46;1.8;1.6;0.5;0.29;0.85;0.14;1.34;3.65;3.4247;1.389;148.633;Macho;BoA;
Satyrinae;Satyrini;Zischkaia;Zischkaia_saundersii;2.5;1.46;1.8;1.6;0.5;0.29;0.85;0.14;1.34;3.65;3.4247;1.389;148.633;Macho;BoA;
Satyrinae;Satyrini;Yphthimoides;Yphthimoides_angularis;2.18;2.27;1.81;1.59;0.43;0.31;0.85;0.1;1.34;4.949;1.9207;1.204;115.006;;LABOR;
Charaxinae;Anaeini;Memphis;Memphis_moruus;2.881;2.123;2.137;1.948;0.703;0.325;0.651;0.154;1.345;6.116;2.7141;1.348;111.78;;;
Biblidinae;Callicorini;Catagramma;Catagramma_pyracmon;1.99;1.35;1.48;1.37;0.64;0.32;0.72;0.18;1.35;2.687;2.9481;1.345;60.426;;LABOR;
Biblidinae;Epiphilini;Nica;Nica_flavilla;2.19;1.31;1.63;1.41;0.59;0.25;0.8;0.1;1.35;2.869;3.3435;1.344;130.064;;LABOR;
Satyrinae;Satyrini;Paryphthimoides;Paryphthimoides_sylvina;2.17;1.35;1.64;1.48;0.5;0.28;0.87;0.22;1.35;2.93;3.2148;1.323;120.125;Sexo não identificado;BoA;
Satyrinae;Satyrini;Paryphthimoides;Paryphthimoides_grimon;2.18;1.38;1.7;1.55;0.42;0.25;0.89;0.11;1.35;3.008;3.1594;1.282;181.044;;LABOR;
Satyrinae;Satyrini;Forsterinaria;Forsterinaria_necys;2.28;1.44;1.72;1.72;0.51;0.3;0.82;0.12;1.35;3.283;3.1667;1.326;113.255;;LABOR;
Satyrinae;Satyrini;Sepona;Sepona_punctata;2.29;1.44;1.87;1.65;0.42;0.3;0.89;0.11;1.35;3.298;3.1806;1.225;138.733;;LABOR;
Charaxinae;Anaeini;Zaretis;Zaretis_strigosus;2.96;2.159;2.118;1.9;0.698;0.355;0.569;0.146;1.354;6.391;2.742;1.398;99.603;;Aline_Zeiss;
Biblidinae;Callicorini;Catagramma;Catagramma_pyracmon;1.91;1.28;1.41;1.34;0.56;0.28;0.78;0.1;1.36;2.445;2.9844;1.355;83.093;;LABOR;
Biblidinae;Biblidini;Mestra;Mestra_hersilia;2.22;1.19;1.5;1.42;0.4;0.2;0.97;0.06;1.36;2.642;3.7311;1.48;308.025;;LABOR;
Biblidinae;Callicorini;Diaethria;Diaethria_eluina;2.08;1.34;1.68;1.43;0.62;0.36;0.73;0.1;1.36;2.787;3.1045;1.238;53.843;;LABOR;
Biblidinae;Callicorini;Diaethria;Diaethria_eluina;2.08;1.35;1.63;1.44;0.58;0.32;0.78;0.17;1.36;2.808;3.0815;1.276;72.845;;LABOR;
Biblidinae;Callicorini;Diaethria;Diaethria_candrena;2.16;1.36;1.6;1.37;0.64;0.32;0.71;0.17;1.36;2.938;3.1765;1.35;71.191;;LABOR;
Biblidinae;Catonephelini;Eunica;Eunica_marsolia;1.91;1.16;1.35;1.26;NA;NA;NA;NA;1.37;2.216;3.2931;1.415;NA;Macho;BoA;paraensis
Satyrinae;Satyrini;Magneuptychia;Magneuptychia_libye;2.49;1.45;1.98;1.79;0.41;0.29;0.93;0.1;1.37;3.611;3.4345;1.258;179.812;;LABOR;
Satyrinae;Satyrini;Magneuptychia;Magneuptychia_lea;2.56;1.54;2.06;1.87;0.43;0.28;0.94;0.09;1.37;3.942;3.3247;1.243;194.4;;LABOR;
Satyrinae;Satyrini;Zischkaia;Zischkaia_pacarus;2.43;1.64;1.96;1.76;0.57;0.23;0.79;0.11;1.37;3.985;2.9634;1.24;195.831;;LABOR;
Charaxinae;Anaeini;Fountainea;Fountainea_halice;2.41;1.66;1.94;1.73;0.52;0.34;0.86;0.13;1.37;4.001;2.9036;1.242;96.621;Macho;BoA;moretta
Biblidinae;Biblidini;Biblis;Biblis_hyperia;3.01;1.82;2.1;2.05;0.52;0.4;0.87;0.27;1.37;5.478;3.3077;1.433;108.895;;LABOR;
Biblidinae;Catonephelini;Eunica;Eunica_cuvierii;2.64;1.63;2.12;1.9;0.7;0.32;0.72;0.19;1.38;4.303;3.2393;1.245;97.232;;LABOR;
Charaxinae;Anaeini;Memphis;Memphis_moruus;2.731;1.994;2.126;1.834;0.639;0.291;0.622;0.229;1.383;5.446;2.7392;1.285;137.834;;;
Biblidinae;Callicorini;Haematera;Haematera_pyrame;1.9;1.16;1.49;1.36;0.57;0.29;0.81;0.15;1.39;2.204;3.2759;1.275;75.307;;LABOR;
Satyrinae;Satyrini;Godartiana;Godartiana_muscosa;2.14;1.39;1.77;1.49;0.4;0.32;0.86;0.1;1.39;2.975;3.0791;1.209;111.807;;LABOR;
Satyrinae;Satyrini;Godartiana;Godartiana_muscosa;2.29;1.38;1.75;1.52;0.37;0.22;0.99;0.09;1.39;3.16;3.3188;1.309;292.836;;LABOR;
Biblidinae;Catonephelini;Eunica;Eunica_tatila;2.35;1.38;1.67;1.53;0.56;0.29;0.81;0.14;1.39;3.243;3.4058;1.407;117.26;;LABOR;
Satyrinae;Satyrini;Euptychoides;Euptychoides_castrensis;2.57;1.65;1.08;1.85;0.5;0.36;0.87;0.13;1.39;4.241;3.1152;2.38;101.927;;LABOR;
Charaxinae;Anaeini;Zaretis;Zaretis_strigosus;3.54;2.545;2.659;2.635;0.68;0.31;0.603;0.181;1.392;9.009;2.7819;1.331;191.767;;Aline_Zeiss;
Charaxinae;Anaeini;Memphis;Memphis_moruus;5.205;6.719;2.086;1.86;0.723;0.36;0.741;0.17;1.398;34.972;1.5493;2.495;289.133;;;
Satyrinae;Satyrini;Caeruleuptychia;Caeruleuptychia_cyanites;2.39;1.53;1.94;1.79;0.58;0.26;0.83;0.13;1.4;3.657;3.1242;1.232;145.687;Macho;BoA;
Charaxinae;Anaeini;Memphis;Memphis_acidalia;2.85;2.26;2.22;2.2;0.76;0.36;0.66;0.17;1.4;6.441;2.5221;1.284;82.465;Macho;BoA;victoria
Satyrinae;Morphini;Morpho;Morpho_portis;4.18;2.41;3;2.45;0.52;0.25;0.89;0.17;1.4;10.074;3.4689;1.393;537.612;Macho;BoA;thamyris
Biblidinae;Callicorini;Diaethria;Diaethria_eluina;2.06;1.3;1.68;1.41;0.62;0.33;0.77;0.16;1.41;2.678;3.1692;1.226;62.851;;LABOR;
Satyrinae;Satyrini;Zischkaia;Zischkaia_pacarus;2.61;1.67;2.08;1.91;0.49;0.27;0.9;0.15;1.41;4.359;3.1257;1.255;190.703;;LABOR;
Charaxinae;Anaeini;Memphis;Memphis_moruus;2.885;2.079;2.225;2.092;0.743;0.272;0.685;0.204;1.411;5.998;2.7754;1.297;151.414;;;
Biblidinae;Callicorini;Callicore;Callicore_hydaspes;2;1.28;1.35;1.26;0.71;0.37;0.76;0.21;1.42;2.56;3.125;1.481;41.153;;LABOR;
Satyrinae;Satyrini;Chloreuptychia;Chloreuptychia_chlorimene;2.34;1.4;1.99;1.64;0.46;0.29;0.94;0.06;1.42;3.276;3.3429;1.176;141.54;;LABOR;
Satyrinae;Satyrini;Forsterinaria;Forsterinaria_necys;2.39;1.59;1.89;1.8;0.45;0.35;1.03;0.12;1.42;3.8;3.0063;1.265;103.621;;LABOR;
Satyrinae;Satyrini;Praepedaliodes;Praepedaliodes_amussis;2.75;1.64;2.27;2.01;0.45;0.32;1;0.13;1.42;4.51;3.3537;1.211;164.117;;LABOR;
Satyrinae;Satyrini;Praepedaliodes;Praepedaliodes_amussis;2.75;1.71;2.11;2;0.54;0.33;0.87;0.15;1.42;4.703;3.2164;1.303;128.601;;LABOR;
Biblidinae;Callicorini;Diaethria;Diaethria_candrena;2.16;1.32;1.57;1.37;0.69;0.35;0.79;0.14;1.43;2.851;3.2727;1.376;55.198;;LABOR;
Satyrinae;Satyrini;Zischkaia;Zischkaia_pacarus;2.6;1.68;2.07;1.9;0.52;0.29;0.94;0.15;1.43;4.368;3.0952;1.256;154.578;;LABOR;
Satyrinae;Morphini;Morpho;Morpho_portis;4.51;2.83;3.56;2.92;0.6;NA;0.85;0.19;1.43;12.763;3.1873;1.267;NA;Macho;BoA;
Biblidinae;Callicorini;Catagramma;Catagramma_pyracmon;2;1.27;1.52;1.36;0.6;0.32;0.83;0.13;1.44;2.54;3.1496;1.316;65.104;;LABOR;
Satyrinae;Satyrini;Taydebis;Taydebis_peculiaris;2.18;1.43;1.72;1.58;0.46;0.21;1.01;0.07;1.44;3.117;3.049;1.267;234.27;;LABOR;
Satyrinae;Satyrini;Eteona;Eteona_tisiphone;2.42;1.34;1.95;1.54;0.5;0.27;0.88;0.11;1.44;3.243;3.6119;1.241;160.669;;LABOR;
Biblidinae;Catonephelini;Eunica;Eunica_macris;2.35;1.39;1.89;1.57;0.57;0.26;0.89;0.11;1.44;3.267;3.3813;1.243;143.322;;BoA;
Satyrinae;Satyrini;Caeruleuptychia;Caeruleuptychia_cyanites;2.38;1.53;1.99;1.75;0.59;0.23;0.84;0.13;1.44;3.641;3.1111;1.196;181.487;Macho;BoA;
Satyrinae;Satyrini;Eteona;Eteona_tisiphone;2.58;1.43;1.99;1.6;0.51;0.34;0.92;0.12;1.44;3.689;3.6084;1.296;112.905;;LABOR;
Satyrinae;Morphini;Morpho;Morpho_portis;4.61;2.64;3.67;2.81;NA;NA;NA;0.22;1.44;12.17;3.4924;1.256;NA;Macho;BoA;thamyris
Biblidinae;Callicorini;Diaethria;Diaethria_clymena;2.34;1.32;1.75;1.46;0.6;0.28;0.84;0.15;1.45;3.089;3.5455;1.337;116.403;;LABOR;
Biblidinae;Catonephelini;Eunica;Eunica_eburnea;2.41;1.47;1.95;1.66;0.59;0.31;0.84;0.12;1.45;3.543;3.2789;1.236;102.437;;LABOR;
Satyrinae;Satyrini;Yphthimoides;Yphthimoides_manasses;2.24;1.42;1.85;1.59;0.49;0.29;1.12;0.12;1.46;3.181;3.1549;1.211;121.76;;LABOR;
Biblidinae;Callicorini;Callicore;Callicore_astarte;2.43;1.43;1.9;1.49;0.6;0.35;0.85;0.16;1.46;3.475;3.3986;1.279;80.339;;LABOR;
Biblidinae;Catonephelini;Myscelia;Myscelia_orsis;2.44;1.6;1.89;1.64;0.55;0.3;0.9;0.11;1.46;3.904;3.05;1.291;120.275;;LABOR;
Satyrinae;Satyrini;Forsterinaria;Forsterinaria_necys;2.48;1.6;1.96;1.86;0.46;0.27;0.99;0.1;1.46;3.968;3.1;1.265;183.408;;LABOR;
Satyrinae;Morphini;Morpho;Morpho_portis;4.26;2.49;3.34;2.59;0.66;0.33;0.82;0.19;1.46;10.607;3.4217;1.275;252.492;Macho;BoA;
Satyrinae;Morphini;Morpho;Morpho_aega;4.73;2.65;3.15;2.62;0.67;0.23;0.79;0.12;1.46;12.535;3.5698;1.502;631.236;Sexo não identificado;BoA;
Satyrinae;Morphini;Morpho;Morpho_portis;4.358;2.675;3.458;2.967;0.568;0.297;0.905;0.277;1.463;11.658;3.2583;1.26;379.065;;Aline_Zeiss;
Satyrinae;Satyrini;Taydebis;Taydebis_peculiaris;2.08;1.43;1.68;1.61;0.36;0.23;1.15;0.06;1.47;2.974;2.9091;1.238;227.179;;LABOR;
Biblidinae;Catonephelini;Eunica;Eunica_tatila;2.28;1.4;1.74;1.63;0.6;0.34;0.81;0.13;1.47;3.192;3.2571;1.31;74.948;;LABOR;
Satyrinae;Satyrini;Sepona;Sepona_punctata;2.38;1.52;1.98;1.75;0.43;0.26;1.05;0.1;1.47;3.618;3.1316;1.202;194.867;;LABOR;
Biblidinae;Catonephelini;Eunica;Eunica_eburnea;2.5;1.51;1.96;1.75;0.63;0.31;0.82;0.12;1.47;3.775;3.3113;1.276;103.232;;LABOR;
Satyrinae;Brassolini;Opoptera;Opoptera_aorsa;2.69;1.86;2.56;2.07;0.57;0.35;0.96;0.13;1.47;5.003;2.8925;1.051;103.632;;LABOR;
Charaxinae;Anaeini;Memphis;Memphis_oenomais;2.65;2.06;1.95;1.79;0.79;0.32;0.7;0.2;1.47;5.459;2.5728;1.359;86.809;Macho;BoA;
Satyrinae;Haeterini;Haetera;Haetera_piera;3.44;1.88;2.75;1.78;0.51;0.31;0.93;0.17;1.47;6.467;3.6596;1.251;241.448;Sexo não identificado;BoA;diaphana
Biblidinae;Catonephelini;Ectima;Ectima_thecla;2.24;1.4;1.56;1.42;0.58;0.27;0.92;0.14;1.48;3.136;3.2;1.436;118.67;;LABOR;
Satyrinae;Satyrini;Taydebis;Taydebis_peculiaris;2.19;1.46;1.77;1.64;0.43;0.2;1.06;0.08;1.48;3.197;3;1.237;278.843;;LABOR;
Biblidinae;Catonephelini;Eunica;Eunica_tatila;2.34;1.39;1.81;1.61;0.62;0.29;0.88;0.11;1.48;3.253;3.3669;1.293;105.013;;LABOR;
Satyrinae;Satyrini;Pampasatyrus;Pampasatyrus_reticulata;2.31;1.48;1.92;1.5;0.46;0.26;1.02;0.1;1.48;3.419;3.1216;1.203;171.601;;LABOR;
Biblidinae;Catonephelini;Cybdelis;Cybdelis_phaesyla;2.36;1.48;1.82;1.67;0.63;0.31;0.76;0.17;1.48;3.493;3.1892;1.297;91.994;;LABOR;
Biblidinae;Catonephelini;Eunica;Eunica_eburnea;2.51;1.49;1.99;1.73;0.59;0.31;0.82;0.13;1.48;3.74;3.3691;1.261;111.115;;LABOR;
Satyrinae;Satyrini;Sepona;Sepona_punctata;2.46;1.55;2.06;1.79;0.52;0.24;0.92;0.15;1.48;3.813;3.1742;1.194;202.043;;LABOR;
Satyrinae;Satyrini;Archeuptychia;Archeuptychia_cluena;2.47;1.55;2.1;1.63;0.49;0.33;0.96;0.11;1.48;3.829;3.1871;1.176;114.333;;LABOR;
Satyrinae;Satyrini;Euptychia;Euptychia_westwoodi;2.49;1.59;1.96;0.185;0.48;0.27;0.96;0.12;1.48;3.959;3.1321;1.27;177.186;;LABOR;
Satyrinae;Satyrini;Taygetis;Taygetis_tripunctata;2.63;1.61;2.31;1.81;0.51;0.28;0.97;0.16;1.48;4.234;3.2671;1.139;172.992;;LABOR;
Satyrinae;Satyrini;Taygetis;Taygetis_tripunctata;2.82;1.71;2.42;1.91;0.57;0.31;0.94;0.16;1.48;4.822;3.2982;1.165;145.178;;LABOR;
Charaxinae;Anaeini;Memphis;Memphis_oenomais;2.41;2.03;1.9;1.78;0.79;0.28;0.69;0.13;1.48;4.892;2.3744;1.268;93.776;Macho;BoA;
Satyrinae;Morphini;Morpho;Morpho_portis;4.03;2.45;3.18;2.55;0.56;0.24;0.93;0.18;1.48;9.874;3.2898;1.267;503.5;Macho;BoA;
Satyrinae;Morphini;Morpho;Morpho_portis;4.35;2.55;3.18;2.63;NA;NA;NA;0.21;1.48;11.093;3.4118;1.368;NA;Macho;BoA;thamyris
Satyrinae;Satyrini;Eteona;Eteona_tisiphone;2.55;1.37;1.92;0.154;0.47;0.28;1.06;0.07;1.49;3.494;3.7226;1.328;176.468;;LABOR;
Biblidinae;Catonephelini;Eunica;Eunica_margarita;2.44;1.46;1.91;1.72;0.7;0.32;0.83;0.13;1.49;3.562;3.3425;1.277;83.058;;LABOR;
Satyrinae;Satyrini;Forsterinaria;Forsterinaria_quantius;2.45;1.66;1.93;1.85;0.44;0.29;0.94;0.18;1.49;4.067;2.9518;1.269;162.212;;LABOR;
Satyrinae;Satyrini;Archeuptychia;Archeuptychia_cluena;2.56;1.63;2.17;1.75;0.52;0.35;0.95;0.12;1.49;4.173;3.1411;1.18;102.882;;LABOR;
Satyrinae;Satyrini;Taygetina;Taygetina_kerea;2.68;1.8;2.31;1.95;0.51;0.31;0.96;0.17;1.49;4.824;2.9778;1.16;146.547;;LABOR;
Satyrinae;Brassolini;Narope;Narope_cyllastros;2.821;1.947;2.431;2.12;0.618;0.246;0.97;0.233;1.49;5.492;2.8978;1.16;212.788;;Aline_Zeiss;
Satyrinae;Brassolini;Narope;Narope_cyllastros;3.086;2.194;2.896;2.406;0.612;0.362;0.841;0.269;1.492;6.771;2.8131;1.066;118.747;;Aline_Zeiss;
Charaxinae;Anaeini;Zaretis;Zaretis_strigosus;2.786;1.925;2.007;1.73;0.596;0.29;0.844;NA;1.493;5.363;2.8945;1.388;154.853;;Aline_Zeiss;
Biblidinae;Callicorini;Diaethria;Diaethria_clymena;2.34;1.42;1.85;1.52;0.61;0.31;0.83;0.28;1.5;3.323;3.2958;1.265;93.407;;LABOR;
Satyrinae;Satyrini;Magneuptychia;Magneuptychia_ocypete;2.54;1.63;2.14;1.9;0.47;0.26;1.01;0.08;1.5;4.14;3.1166;1.187;203.059;;LABOR;
Satyrinae;Satyrini;Yphthimoides;Yphthimoides_borasta;2.56;1.67;2.24;1.89;0.48;0.34;1.03;0.14;1.5;4.275;3.0659;1.143;118.108;;LABOR;
Charaxinae;Anaeini;Hypna;Hypna_clytemnestra;3.35;2.31;NA;2.24;0.55;0.34;0.98;0.16;1.51;7.739;2.9004;NA;176.51;Macho;BoA;forbesi
Satyrinae;Morphini;Morpho;Morpho_portis;4.429;2.727;3.457;2.994;0.553;0.326;0.935;0.225;1.519;12.078;3.2483;1.281;333.773;;Aline_Zeiss;
Biblidinae;Biblidini;Mestra;Mestra_hersilia;2.5;1.33;1.63;1.64;0.42;0.22;1.12;0.08;1.52;3.325;3.7594;1.534;307.458;;LABOR;
Satyrinae;Satyrini;Taygetina;Taygetina_kerea;2.64;1.7;2.21;1.98;0.47;0.25;1;0.13;1.52;4.488;3.1059;1.195;237.263;;LABOR;
Satyrinae;Haeterini;Pierella;Pierella_lamia;3.66;1.78;2.86;2.12;NA;NA;NA;NA;1.52;6.515;4.1124;1.28;NA;Sexo não identificado;BoA;
Biblidinae;Catonephelini;Cybdelis;Cybdelis_phaesyla;2.16;1.39;1.66;1.57;0.64;0.31;0.85;0.13;1.53;3.002;3.1079;1.301;75.858;;LABOR;
Biblidinae;Epiphilini;Temenis;Temenis_laothoe;2.33;1.39;1.77;1.56;0.59;0.33;0.93;0.16;1.53;3.239;3.3525;1.316;84.495;;LABOR;
Biblidinae;Callicorini;Callicore;Callicore_texa;2.36;1.43;1.87;1.54;NA;NA;NA;NA;1.53;3.375;3.3007;1.262;NA;Macho;BoA;
Satyrinae;Satyrini;Forsterinaria;Forsterinaria_quantius;2.49;1.69;2.06;1.94;0.54;0.35;0.88;0.13;1.53;4.208;2.9467;1.209;93.728;;LABOR;
Satyrinae;Satyrini;Magneuptychia;Magneuptychia_ocypete;2.69;1.65;2.2;1.91;0.43;0.33;1.02;0.09;1.53;4.439;3.2606;1.223;154.528;;LABOR;
Biblidinae;Catonephelini;Eunica;Eunica_cuvierii;2.87;1.82;2.33;2.08;0.63;0.28;0.86;0.16;1.53;5.223;3.1538;1.232;166.766;;LABOR;
Charaxinae;Anaeini;Zaretis;Zaretis_isidora;2.77;2.02;1.9;1.79;0.76;0.37;0.78;0.19;1.53;5.595;2.7426;1.458;73.747;Macho;BoA;
Charaxinae;Anaeini;Memphis;Memphis_moruus;2.84;2.26;2.23;2.06;;0.36;NA;0.2;1.53;6.418;2.5133;1.274;NA;Sexo não identificado;BoA;morpheuus
Charaxinae;Anaeini;Memphis;Memphis_moruus;3.517;2.74;2.878;2.554;0.699;0.414;0.778;0.293;1.536;9.637;2.5672;1.222;103.244;;;
Biblidinae;Catonephelini;Eunica;Eunica_margarita;2.34;1.35;1.83;1.65;0.64;0.23;0.93;0.14;1.54;3.159;3.4667;1.279;161.732;;LABOR;
Biblidinae;Epiphilini;Epiphile;Epiphile_hubneri;2.45;1.57;1.96;1.85;0.73;0.25;0.76;0.18;1.54;3.847;3.121;1.25;131.562;;LABOR;
Charaxinae;Anaeini;Memphis;Memphis_otrere;2.7;2.03;2.06;1.96;NA;NA;NA;NA;1.54;5.481;2.6601;1.311;NA;Macho;BoA;
Satyrinae;Haeterini;Pierella;Pierella_lamia;3.56;1.79;2.92;2.08;0.59;0.31;0.94;0.23;1.54;6.372;3.9777;1.219;223.524;Sexo não identificado;BoA;
Satyrinae;Morphini;Morpho;Morpho_portis;4.515;2.779;3.603;3.047;0.568;0.3;0.975;0.258;1.553;12.547;3.2494;1.253;398.772;;Aline_Zeiss;
Biblidinae;Catonephelini;Myscelia;Myscelia_orsis;2.37;1.58;1.93;1.64;0.53;0.3;1;0.12;1.56;3.745;3;1.228;117.755;;LABOR;
Biblidinae;Epiphilini;Temenis;Temenis_huebneri;2.5;1.5;1.88;1.72;0.59;0.26;0.98;0.12;1.56;3.75;3.3333;1.33;156.704;Macho;BoA;pedani
Charaxinae;Anaeini;Memphis;Memphis_xenocles;2.59;1.86;1.98;1.77;0.74;0.37;0.82;0.17;1.56;4.817;2.7849;1.308;66.216;Sexo não identificado;BoA;marginalis
Biblidinae;Callicorini;Callicore;Callicore_sorana;2.85;1.78;2.23;1.9;0.73;0.36;0.83;0.26;1.56;5.073;3.2022;1.278;85.854;;LABOR;
Biblidinae;Callicorini;Diaethria;Diaethria_candrena;2.11;1.29;1.56;1.38;0.61;0.35;0.86;0.15;1.57;2.722;3.2713;1.353;59.58;;LABOR;
Satyrinae;Satyrini;Pseudodebis;Pseudodebis_euptychidia;2.76;1.8;2.44;2;0.55;0.35;0.97;0.1;1.57;4.968;3.0667;1.131;113.063;;LABOR;
Charaxinae;Anaeini;Zaretis;Zaretis_isidora;3.24;2.26;2.32;2.05;0.8;0.34;0.77;0.24;1.57;7.322;2.8673;1.397;113.512;;FMNH;
Charaxinae;Anaeini;Memphis;Memphis_oenomais;3.29;2.68;2.58;2.45;0.75;0.35;0.82;0.31;1.57;8.817;2.4552;1.275;117.813;Fêmea;BoA;
Charaxinae;Anaeini;Memphis;Memphis_moruus;2.955;2.129;2.203;2.074;0.805;0.339;0.68;0.231;1.572;6.291;2.776;1.341;94.389;;;
Charaxinae;Anaeini;Zaretis;Zaretis_strigosus;2.809;2.092;1.935;1.902;0.8;0.36;0.69;0.181;1.579;5.876;2.6855;1.452;76.104;cynosura;Aline_Zeiss;
Biblidinae;Epiphilini;Epiphile;Epiphile_hubneri;2.56;1.5;1.9;1.75;0.63;0.31;0.85;0.12;1.58;3.84;3.4133;1.347;108.247;;LABOR;
Satyrinae;Satyrini;Forsterinaria;Forsterinaria_quantius;2.52;1.75;2.16;1.95;0.5;0.36;0.97;0.12;1.58;4.41;2.88;1.167;98;;LABOR;
Biblidinae;Catonephelini;Myscelia;Myscelia_orsis;2.68;1.67;2.07;1.73;0.71;0.23;0.87;0.1;1.58;4.476;3.2096;1.295;191.23;;LABOR;
Satyrinae;Haeterini;Pierella;Pierella_lamia;3.72;2.09;3.33;2.35;0.57;0.35;1.02;0.26;1.58;7.775;3.5598;1.117;198.187;Sexo não identificado;BoA;
Charaxinae;Anaeini;Zaretis;Zaretis_strigosus;3.729;2.739;2.749;2.665;0.728;0.361;0.785;0.232;1.581;10.214;2.7229;1.356;146.568;;Aline_Zeiss;
Charaxinae;Anaeini;Zaretis;Zaretis_strigosus;3.682;2.643;2.744;2.647;0.732;0.38;0.837;0.314;1.585;9.732;2.7862;1.342;128.259;;Aline_Zeiss;
Biblidinae;Catonephelini;Eunica;Eunica_margarita;2.5;1.53;1.97;1.77;0.62;0.33;0.91;0.13;1.59;3.825;3.268;1.269;92.568;;LABOR;
Satyrinae;Satyrini;Magneuptychia;Magneuptychia_ocypete;2.47;1.55;2.1;1.81;0.43;0.29;1.12;0.08;1.59;3.829;3.1871;1.176;168.706;;LABOR;
Satyrinae;Satyrini;Taygetina;Taygetina_kerea;2.76;1.77;2.3;1.97;0.45;0.29;1.1;0.14;1.59;4.885;3.1186;1.2;201.284;;LABOR;
Satyrinae;Satyrini;Pampasatyrus;Pampasatyrus_glaucope;2.8;1.79;2.43;1.9;0.51;0.26;1.07;0.15;1.59;5.012;3.1285;1.152;227.405;;LABOR;
Satyrinae;Satyrini;Taygetis;Taygetis_tripunctata;3.04;1.87;2.65;2.06;0.56;0.33;1.06;0.12;1.59;5.685;3.2513;1.147;151.541;;LABOR;
Satyrinae;Satyrini;Posttaygetis;Posttaygetis_penelea;3.02;1.94;2.5;2.07;0.5;0.38;1.07;0.18;1.59;5.859;3.1134;1.208;126.321;;LABOR;
Charaxinae;Anaeini;Zaretis;Zaretis_isidora;2.84;2.07;1.94;1.76;0.84;0.29;0.75;0.2;1.59;5.879;2.744;1.464;114.172;Macho;BoA;vulpecula
Satyrinae;Morphini;Morpho;Morpho_aega;4.52;2.84;3.06;2.88;0.7;0.31;0.94;0.25;1.59;12.837;3.1831;1.477;303.707;Macho;BoA;
Biblidinae;Callicorini;Diaethria;Diaethria_clymena;2.27;1.43;1.81;1.49;0.58;0.31;0.96;0.24;1.6;3.246;3.1748;1.254;92.449;;LABOR;
Biblidinae;Catonephelini;Eunica;Eunica_maja;2.65;1.46;1.92;1.64;0.69;0.28;0.83;0.12;1.6;3.869;3.6301;1.38;129.816;;LABOR;
Charaxinae;Anaeini;Memphis;Memphis_hirta;2.5;1.82;1.92;1.8;NA;NA;NA;0.14;1.6;4.55;2.7473;1.302;NA;Sexo não identificado;BoA;
Charaxinae;Anaeini;Memphis;Memphis_moruus;3.19;2.473;2.345;2.23;0.857;0.393;2.012;0.201;1.606;7.889;2.5799;1.36;76.88;;;
Satyrinae;Satyrini;Praepedaliodes;Praepedaliodes_phanias;2.79;1.81;2.34;2.04;0.52;0.32;0.98;0.11;1.61;5.05;3.0829;1.192;146.186;;LABOR;
Charaxinae;Anaeini;Memphis;Memphis_arginussa;2.76;1.93;2.24;1.86;NA;NA;NA;0.18;1.61;5.327;2.8601;1.232;NA;Macho;BoA;
Satyrinae;Satyrini;Foetterleia;Foetterleia_schreineri;3.12;1.74;2.71;2.06;0.54;0.21;1.09;0.08;1.62;5.429;3.5862;1.151;408.768;Macho;BoA;
Charaxinae;Anaeini;Memphis;Memphis_moruus;3.39;2.663;2.731;2.519;0.714;0.422;0.814;0.3;1.626;9.028;2.546;1.241;90.381;;;
Biblidinae;Epiphilini;Epiphile;Epiphile_orea;2.54;1.62;1.96;1.86;0.75;0.39;0.83;0.2;1.63;4.115;3.1358;1.296;56.556;;LABOR;
Satyrinae;Morphini;Antirrhea;Antirrhea_archaea;3.56;2.17;3.01;2.46;0.54;0.31;1.08;0.21;1.63;7.725;3.2811;1.183;244.221;;FMNH;
Biblidinae;Epiphilini;Temenis;Temenis_huebneri;2.55;1.52;1.85;1.6;0.73;0.23;0.92;0.15;1.64;3.876;3.3553;1.378;168.384;Macho;BoA;korallion
Satyrinae;Haeterini;Haetera;Haetera_piera;3.49;1.72;2.79;1.79;0.54;0.27;1.1;0.14;1.64;6.003;4.0581;1.251;309.407;Sexo não identificado;BoA;lesbia
Satyrinae;Morphini;Morpho;Morpho_aega;4.87;2.79;3.57;2.99;0.65;0.27;1;0.24;1.64;13.587;3.491;1.364;500.515;Sexo não identificado;BoA;
Biblidinae;Callicorini;Callicore;Callicore_texa;2.69;1.5;2.01;1.65;0.71;0.3;0.97;0.13;1.65;4.035;3.5867;1.338;113.241;Macho;BoA;
Biblidinae;Callicorini;Callicore;Callicore_astarte;2.64;1.62;2.09;1.75;0.72;0.39;0.94;0.24;1.65;4.277;3.2593;1.263;63.642;;LABOR;
Satyrinae;Satyrini;Taygetis;Taygetis_ypthima;3.22;2.17;3.11;2.38;0.54;0.34;1.05;0.14;1.65;6.987;2.9677;1.035;166.096;;LABOR;
Charaxinae;Anaeini;Zaretis;Zaretis_strigosus;3.623;2.587;2.72;2.504;0.727;0.349;0.827;0.292;1.659;9.373;2.8009;1.332;148.235;;Aline_Zeiss;
Satyrinae;Satyrini;Praepedaliodes;Praepedaliodes_phanias;2.76;1.76;2.38;2.04;0.6;0.4;1.06;0.13;1.66;4.858;3.1364;1.16;79.35;;LABOR;
Satyrinae;Haeterini;Haetera;Haetera_piera;3.65;1.84;2.8;1.94;0.5;0.24;1.16;0.13;1.66;6.716;3.9674;1.304;462.587;;YMNH;
Satyrinae;Satyrini;Taygetis;Taygetis_drogoni;3.25;2.09;3.08;2.4;0.6;0.3;1.07;0.2;1.66;6.793;3.11;1.055;195.602;;LABOR;
Satyrinae;Morphini;Morpho;Morpho_helenor;5.62;3.37;4.37;3.79;NA;NA;NA;NA;1.66;18.939;3.3353;1.286;NA;Sexo não identificado;BoA;coelestis
Biblidinae;Catonephelini;Eunica;Eunica_maja;2.68;1.47;1.9;1.7;0.67;0.3;0.98;0.13;1.67;3.94;3.6463;1.411;119.111;;LABOR;
Biblidinae;Epiphilini;Epiphile;Epiphile_hubneri;2.53;1.63;1.98;1.73;0.73;0.36;0.91;0.17;1.67;4.124;3.1043;1.278;67.657;;LABOR;
Biblidinae;Ageroniini;Hamadryas;Hamadryas_chloe;2.71;1.67;2.27;1.85;0.65;0.34;0.98;0.18;1.67;4.526;3.2455;1.194;97.739;;LABOR;
Satyrinae;Brassolini;Opoptera;Opoptera_aorsa;2.97;2.05;2.86;2.45;0.62;0.42;1.04;0.27;1.67;6.089;2.8976;1.038;80.653;;LABOR;
Satyrinae;Satyrini;Posttaygetis;Posttaygetis_penelea;3.01;1.9;2.5;2.14;0.59;0.39;1.07;0.13;1.68;5.719;3.1684;1.204;100.961;;LABOR;
Satyrinae;Satyrini;Pseudodebis;Pseudodebis_ypthima;3.48;2.03;2.89;2.33;0.64;0.43;1.07;0.12;1.68;7.064;3.4286;1.204;102.339;Macho;BoA;
Satyrinae;Satyrini;Praepedaliodes;Praepedaliodes_amussis;2.5;1.61;2.14;1.92;0.5;0.26;1.12;0.08;1.69;4.025;3.1056;1.168;184.911;;LABOR;
Charaxinae;Anaeini;Memphis;Memphis_arginussa;2.79;1.96;2.11;1.85;NA;NA;NA;0.21;1.69;5.468;2.8469;1.322;NA;Macho;BoA;
Satyrinae;Haeterini;Pierella;Pierella_lena;3.8;1.95;3.2;2.27;0.71;0.36;1;0.12;1.69;7.41;3.8974;1.188;156.929;Sexo não identificado;BoA;
Charaxinae;Anaeini;Memphis;Memphis_moruus;3.1;2.42;2.47;2.22;NA;NA;NA;NA;1.69;7.502;2.562;1.255;NA;Sexo não identificado;BoA;stheno
Biblidinae;Callicorini;Callicore;Callicore_texa;2.54;1.51;1.87;1.67;0.64;0.36;1.09;0.19;1.7;3.835;3.3642;1.358;77.783;Sexo não identificado;BoA;maximila
Charaxinae;Anaeini;Memphis;Memphis_hirta;2.55;1.83;2.07;1.88;0.81;0.21;0.88;0.14;1.7;4.667;2.7869;1.232;182.036;Sexo não identificado;BoA;
Charaxinae;Anaeini;Memphis;Memphis_leonida;2.61;2.16;2.06;2.02;0.9;0.47;0.81;0.22;1.7;5.638;2.4167;1.267;34.264;Macho;BoA;
Biblidinae;Callicorini;Catagramma;Catagramma_hydarnis;2.3;1.46;1.65;1.51;0.82;NA;0.92;0.15;1.71;3.358;3.1507;1.394;NA;Sexo não identificado;BoA;
Biblidinae;Catonephelini;Eunica;Eunica_maja;2.7;1.51;1.95;1.75;0.69;0.33;0.97;0.12;1.71;4.077;3.5762;1.385;97.018;;LABOR;
Satyrinae;Brassolini;Narope;Narope_panniculus;3.05;2.02;2.28;2.09;0.68;0.34;1.04;0.21;1.71;6.161;3.0198;1.338;118.34;Sexo não identificado;BoA;
Biblidinae;Biblidini;Biblis;Biblis_hyperia;2.77;1.94;2.11;2.04;0.55;0.35;1.14;0.15;1.72;5.374;2.8557;1.313;113.883;;LABOR;
Charaxinae;Anaeini;Polygrapha;Polygrapha_suprema;3.72;2.2;2.35;2.3;0.98;0.51;0.74;0.36;1.72;8.184;3.3818;1.583;54.29;Sexo não identificado;BoA;
Biblidinae;Callicorini;Callicore;Callicore_astarte;2.61;1.63;2.09;1.74;0.71;0.39;0.99;0.22;1.73;4.254;3.2025;1.249;63.08;;LABOR;
Biblidinae;Epiphilini;Epiphile;Epiphile_orea;2.67;1.7;2.03;1.92;0.72;0.46;1;0.15;1.73;4.539;3.1412;1.315;46.792;;LABOR;
Charaxinae;Anaeini;Memphis;Memphis_basilia;2.28;2.22;2.08;2.03;0.94;0.48;0.83;0.26;1.73;5.062;2.0541;1.096;24.003;Sexo não identificado;BoA;
Charaxinae;Anaeini;Fountainea;Fountainea_ryphea;2.73;2.06;2.05;2.02;0.95;0.4;0.8;0.28;1.73;5.624;2.6505;1.332;49.032;Macho;BoA;
Charaxinae;Anaeini;Consul;Consul_fabius;3.88;2.32;2.14;2.48;NA;NA;NA;0.3;1.73;9.002;3.3448;1.813;NA;Macho;BoA;castaneus
Satyrinae;Brassolini;Narope;Narope_cyllarus;2.82;1.99;2.44;2.13;0.59;0.41;1.17;0.38;1.74;5.612;2.8342;1.156;80.182;Fêmea;BoA;
Satyrinae;Satyrini;Pseudodebis;Pseudodebis_euptychidia;3.02;2.01;2.59;2.21;0.57;0.36;1.11;0.14;1.74;6.07;3.005;1.166;123.462;;LABOR;
Charaxinae;Anaeini;Memphis;Memphis_leonida;2.73;2.22;2.28;2.24;0.88;0.41;0.86;0.2;1.75;6.061;2.4595;1.197;50.382;Macho;BoA;
Charaxinae;Anaeini;Hypna;Hypna_clytemnestra;3.46;2.76;2.76;2.52;0.9;0.34;0.86;0.29;1.75;9.55;2.5072;1.254;115.067;Macho;BoA;corumbaensis
Charaxinae;Preponini;Archaeoprepona;Archaeoprepona_amphimachus;3.701;2.215;2.604;2.383;0.857;0.467;0.895;0.226;1.753;8.198;3.3418;1.421;73.286;;Aline_Zeiss;
Satyrinae;Satyrini;Taygetis;Taygetis_ypthima;3.31;2.15;3.01;2.38;0.63;0.33;1.09;0.15;1.76;7.117;3.0791;1.1;159.694;;LABOR;
Satyrinae;Satyrini;Taygetis;Taygetis_drogoni;3.36;2.21;3.18;2.52;0.59;0.31;1.19;0.19;1.76;7.426;3.0407;1.057;199.115;;LABOR;
Biblidinae;Callicorini;Callicore;Callicore_sorana;2.72;1.7;2.25;1.83;0.61;0.3;1.13;0.33;1.77;4.624;3.2;1.209;134.761;;LABOR;
Charaxinae;Anaeini;Zaretis;Zaretis_ellops;2.86;2.2;2.04;1.93;1.05;0.41;0.74;0.21;1.77;6.292;2.6;1.402;46.342;Macho;NMNH;
Satyrinae;Satyrini;Posttaygetis;Posttaygetis_penelea;3.21;2.04;2.7;2.3;0.59;0.35;1.14;0.13;1.77;6.548;3.1471;1.189;142.568;;LABOR;
Biblidinae;Catonephelini;Cybdelis;Cybdelis_phaesyla;2.45;1.54;1.88;1.82;0.7;0.33;1.02;0.13;1.78;3.773;3.1818;1.303;78.742;;LABOR;
Charaxinae;Anaeini;Memphis;Memphis_basilia;2.6;2.12;1.91;1.97;1.05;0.37;0.75;0.19;1.78;5.512;2.4528;1.361;47.028;Macho;BoA;
Satyrinae;Satyrini;Amphidecta;Amphidecta_calliomma;3.34;1.96;2.91;2.21;0.57;0.37;1.13;0.12;1.78;6.546;3.4082;1.148;142.96;;LABOR;
Satyrinae;Morphini;Morpho;Morpho_helenor;5.74;3.65;4.47;4.03;0.69;0.4;1.13;0.34;1.78;20.951;3.1452;1.284;298.438;Sexo não identificado;BoA;pindarus
Biblidinae;Callicorini;Catagramma;Catagramma_pygas;2.33;1.46;1.78;1.57;0.84;0.39;0.97;0.16;1.79;3.402;3.1918;1.309;42.492;;LABOR;
Biblidinae;Callicorini;Callicore;Callicore_cynosura;2.87;1.79;2.12;1.81;0.72;0.38;1.05;0.14;1.79;5.137;3.2067;1.354;79.225;Macho;Butterflies of America;amazona
Biblidinae;Ageroniini;Hamadryas;Hamadryas_chloe;2.95;1.84;2.37;1.98;0.72;0.31;1.09;0.17;1.79;5.428;3.2065;1.245;125.773;;LABOR;
Biblidinae;Ageroniini;Hamadryas;Hamadryas_iphthime;3.5;2.1;2.5;2.2;0.82;0.32;0.98;0.18;1.79;7.35;3.3333;1.4;145.889;;LABOR;
Charaxinae;Anaeini;Fountainea;Fountainea_glycerium;3.21;2.3;2.4;2.23;0.93;0.38;0.84;0.28;1.79;7.383;2.7913;1.338;76.729;Macho;NMNH;
Charaxinae;Anaeini;Memphis;Memphis_moruus;3.195;2.507;2.33;2.338;0.912;0.385;0.793;0.192;1.791;8.01;2.5489;1.371;75.514;;;
Biblidinae;Callicorini;Catagramma;Catagramma_pygas;2.54;1.4;1.97;1.58;0.74;0.33;1;0.24;1.8;3.556;3.6286;1.289;80.059;;LABOR;
Charaxinae;Anaeini;Hypna;Hypna_clytemnestra;3.6;2.57;2.76;2.58;0.65;0.36;1.17;0.2;1.8;9.252;2.8016;1.304;153.846;Macho;BoA;huebneri
Biblidinae;Catonephelini;Eunica;Eunica_sydonia;3.52;2.01;2.49;2.21;0.7;0.32;1.11;0.18;1.81;7.075;3.5025;1.414;172.857;;LABOR;
Biblidinae;Catonephelini;Sea;Sea_sophronia;2.69;1.54;2.08;1.81;0.74;0.36;1.03;0.2;1.82;4.143;3.4935;1.293;75.451;;LABOR;
Biblidinae;Ageroniini;Hamadryas;Hamadryas_februa;3.63;2.2;2.78;2.47;0.75;0.35;1.07;0.16;1.82;7.986;3.3;1.306;143.422;;LABOR;
Satyrinae;Satyrini;Amphidecta;Amphidecta_reynoldsi;2.94;1.79;2.49;2.03;0.62;0.31;1.14;0.16;1.83;5.263;3.2849;1.181;145.071;;LABOR;
Biblidinae;Catonephelini;Eunica;Eunica_volumna;3.34;1.91;2.41;2.13;0.74;0.39;1.08;0.12;1.83;6.379;3.4974;1.386;99.113;Macho;BoA;celma
Charaxinae;Anaeini;Memphis;Memphis_moruus;2.79;2.31;2.2;2.23;0.98;0.38;0.87;0.33;1.83;6.445;2.4156;1.268;55.007;Sexo não identificado;BoA;stheno
Satyrinae;Satyrini;Taygetis;Taygetis_rectifascia;3.39;2.25;3.08;2.48;0.58;0.32;1.17;0.15;1.83;7.628;3.0133;1.101;193.496;;LABOR;
Biblidinae;Catonephelini;Eunica;Eunica_eurota;3.13;2.06;2.44;2.35;0.79;0.4;1.1;0.14;1.84;6.448;3.0388;1.283;77.507;;LABOR;
Charaxinae;Anaeini;Memphis;Memphis_appias;3.17;2.16;2.32;2.12;0.85;0.47;0.99;0.28;1.84;6.847;2.9352;1.366;53.518;;FMNH;
Charaxinae;Anaeini;Memphis;Memphis_polyxo;3.13;2.47;2.34;2.46;0.96;0.5;0.9;0.31;1.84;7.731;2.5344;1.338;40.82;Sexo não identificado;BoA;
Satyrinae;Satyrini;Pseudodebis;Pseudodebis_valentina;3.11;1.75;2.47;2.01;0.55;0.33;1.35;0.2;1.85;5.443;3.5543;1.259;161.484;Macho;BoA;
Satyrinae;Morphini;Morpho;Morpho_helenor;5.85;3.81;4.46;4.16;NA;NA;NA;NA;1.86;22.289;3.0709;1.312;NA;Sexo não identificado;BoA;anakreon
Biblidinae;Epiphilini;Epiphile;Epiphile_orea;2.58;1.65;1.95;1.88;0.89;0.36;1;0.14;1.87;4.257;3.1273;1.323;57.709;;LABOR;
Satyrinae;Satyrini;Taygetis;Taygetis_rectifascia;3.34;2.25;2.98;2.43;0.64;0.33;1.19;0.15;1.87;7.515;2.9689;1.121;160.061;;LABOR;
Biblidinae;Epiphilini;Pyrrhogyra;Pyrrhogyra_neaerea;3.54;2.29;2.86;2.28;0.8;0.36;1.09;0.17;1.87;8.107;3.0917;1.238;120.868;;LABOR;
Charaxinae;Anaeini;Zaretis;Zaretis_itys;3.3;2.51;2.28;2.25;0.93;0.44;0.95;0.31;1.87;8.283;2.6295;1.447;60.484;;FMNH;
Biblidinae;Ageroniini;Hamadryas;Hamadryas_chloe;2.9;1.76;2.35;1.98;0.75;0.35;1.07;0.17;1.88;5.104;3.2955;1.234;91.537;;LABOR;
Biblidinae;Biblidini;Biblis;Biblis_hyperia;3.03;1.99;2.07;2.2;0.63;0.37;1.37;0.19;1.88;6.03;3.0452;1.464;106.449;;LABOR;
Biblidinae;Catonephelini;Eunica;Eunica_volumna;3.27;1.91;2.36;2.21;NA;NA;NA;NA;1.9;6.246;3.4241;1.386;NA;Sexo não identificado;BoA;
Satyrinae;Satyrini;Taygetis;Taygetis_rectifascia;3.19;2.18;3;2.47;0.58;0.28;1.29;0.09;1.9;6.954;2.9266;1.063;223.788;;LABOR;
Biblidinae;Ageroniini;Hamadryas;Hamadryas_februa;3.28;1.93;2.49;2.16;0.63;0.39;1.22;0.2;1.91;6.33;3.399;1.317;112.274;;LABOR;
Biblidinae;Epiphilini;Pyrrhogyra;Pyrrhogyra_neaerea;3.57;2.28;2.83;2.28;0.92;0.5;1.06;0.19;1.91;8.14;3.1316;1.261;55.413;;LABOR;
Satyrinae;Morphini;Morpho;Morpho_helenor;6.25;4.01;4.86;4.57;0.92;0.44;1.03;0.28;1.91;25.063;3.1172;1.286;219.314;Sexo não identificado;BoA;violaceus
Charaxinae;Anaeini;Memphis;Memphis_philumena;3.68;2.96;3.16;2.97;NA;NA;NA;NA;1.92;10.893;2.4865;1.165;NA;Sexo não identificado;BoA;corita
Satyrinae;Morphini;Morpho;Morpho_helenor;5.82;3.63;4.4;4.13;1.02;NA;0.92;0.26;1.92;21.127;3.2066;1.323;NA;Sexo não identificado;BoA;achillides
Satyrinae;Morphini;Morpho;Morpho_epistrophus;6.239;3.753;4.906;4.293;0.779;0.386;1.081;0.215;1.927;23.415;3.3248;1.272;335.365;;Aline_Zeiss;
Biblidinae;Catonephelini;Eunica;Eunica_bechina;2.82;1.77;2.42;2.02;0.88;0.4;1.02;0.18;1.93;4.991;3.1864;1.165;56.48;;LABOR;
Biblidinae;Catonephelini;Catonephele;Catonephele_sabrina;3.03;1.77;2.28;2.02;0.76;0.44;1.13;0.13;1.94;5.363;3.4237;1.329;62.397;;LABOR;
Charaxinae;Anaeini;Zaretis;Zaretis_isidora;3.7;2.68;2.33;2.34;1.02;0.39;0.93;0.22;1.94;9.916;2.7612;1.588;88.242;;FMNH;
Biblidinae;Callicorini;Catagramma;Catagramma_pygas;2.44;1.49;1.83;1.6;0.8;0.41;1.16;0.21;1.95;3.636;3.2752;1.333;44.271;;LABOR;
Biblidinae;Catonephelini;Eunica;Eunica_malvina;3.07;1.88;2.3;2.17;0.89;0.43;1.05;0.18;1.95;5.772;3.266;1.335;57.273;;LABOR;
Biblidinae;Catonephelini;Eunica;Eunica_volumna;3.41;1.92;2.34;2.24;0.82;0.28;1.14;0.15;1.95;6.547;3.5521;1.457;180.875;Sexo não identificado;BoA;celma
Biblidinae;Catonephelini;Eunica;Eunica_bechina;2.93;1.78;2.34;2.03;0.83;0.37;1.13;0.22;1.96;5.215;3.2921;1.252;75.553;;LABOR;
Satyrinae;Satyrini;Taygetis;Taygetis_rufomarginata;3.45;2.08;2.89;2.39;0.71;0.36;1.24;0.15;1.96;7.176;3.3173;1.194;129.353;;LABOR;
Satyrinae;Satyrini;Taygetis;Taygetis_virgilia;3.48;2.28;3.12;2.5;0.64;0.45;1.31;0.21;1.96;7.934;3.0526;1.115;93.444;;LABOR;
Charaxinae;Anaeini;Memphis;Memphis_philumena;3.39;2.85;2.9;2.65;NA;NA;NA;NA;1.96;9.662;2.3789;1.169;NA;Sexo não identificado;BoA;corita
Charaxinae;Anaeini;Polygrapha;Polygrapha_suprema;4;2.54;2.47;2.59;NA;NA;NA;0.3;1.96;10.16;3.1496;1.619;NA;Macho;BoA;
Charaxinae;Anaeini;Zaretis;Zaretis_itys;3.28;2.53;2.33;2.09;0.94;0.28;1.05;0.22;1.97;8.298;2.5929;1.408;145.983;;;
Charaxinae;Anaeini;Zaretis;Zaretis_isidora;3.15;2.38;2.13;2.01;0.97;0.38;1.02;0.14;1.98;7.497;2.6471;1.479;70.841;;FMNH;
Satyrinae;Brassolini;Narope;Narope_panniculus;3.63;2.38;2.71;2.59;0.63;0.35;1.35;0.32;1.98;8.639;3.0504;1.339;170.741;Sexo não identificado;BoA;
Satyrinae;Morphini;Morpho;Morpho_helenor;6.28;4.03;4.8;4.41;0.92;0.32;1.11;0.35;1.98;25.308;3.1166;1.308;418.631;Sexo não identificado;BoA;theodorus
Satyrinae;Morphini;Morpho;Morpho_helenor;6.7;4.42;5.53;4.64;NA;NA;NA;NA;1.98;29.614;3.0317;1.212;NA;Macho;BoA;marajoensis
Satyrinae;Morphini;Morpho;Morpho_epistrophus;6.259;3.615;4.729;4.183;0.783;0.405;1.153;0.269;1.988;22.626;3.4628;1.324;305.027;;Aline_Zeiss;
Satyrinae;Satyrini;Taygetis;Taygetis_rufomarginata;3.53;2.26;3.04;2.59;0.71;0.38;1.31;0.17;1.99;7.978;3.1239;1.161;121.541;;LABOR;
Satyrinae;Morphini;Morpho;Morpho_helenor;5.65;3.49;4.48;3.87;NA;NA;NA;0.29;1.99;19.719;3.2378;1.261;NA;Sexo não identificado;BoA;coelestis
Satyrinae;Satyrini;Taygetis;Taygetis_sylvia;3.28;1.89;2.79;2.21;0.59;0.3;1.37;0.17;2;6.199;3.4709;1.176;202.606;;LABOR;
Charaxinae;Anaeini;Memphis;Memphis_appias;3.49;2.46;2.56;2.34;0.97;0.44;1.02;0.29;2;8.585;2.8374;1.363;64.86;;FMNH;
Biblidinae;Ageroniini;Hamadryas;Hamadryas_februa;3.61;2.15;2.63;;0.78;0.45;1.24;0.22;2.01;7.762;3.3581;1.373;82.508;;LABOR;
Biblidinae;Ageroniini;Hamadryas;Hamadryas_epinome;3.69;2.23;2.43;2.36;0.9;0.38;1.1;0.17;2.01;8.229;3.3094;1.519;104.771;;LABOR;
Biblidinae;Biblidini;Mestra;Mestra_dorcas;3.18;1.74;2.08;2.09;0.53;0.3;1.49;0.11;2.02;5.533;3.6552;1.529;212;;FMNH;
Biblidinae;Catonephelini;Catonephele;Catonephele_acontius;3;2.25;2.34;2.02;0.83;0.43;1.16;0.18;2.03;6.75;2.6667;1.282;58.645;;LABOR;
Satyrinae;Satyrini;Amphidecta;Amphidecta_pignerator;3.48;1.98;2.92;2.22;0.77;0.3;1.27;0.13;2.04;6.89;3.5152;1.192;174.753;;LABOR;
Charaxinae;Anaeini;Memphis;Memphis_polyxo;3.37;2.65;2.65;2.7;1.02;0.42;1.02;0.21;2.04;8.931;2.5434;1.272;63.119;Macho;BoA;
Satyrinae;Brassolini;Eryphanis;Eryphanis_reevesii;4.68;3.12;4.43;3.74;0.79;0.54;1.28;0.28;2.05;14.602;3;1.056;95.077;;LABOR;
Biblidinae;Catonephelini;Eunica;Eunica_caelina;3.12;1.89;2.37;2.33;NA;NA;NA;NA;2.06;5.897;3.3016;1.316;NA;Macho;BoA;
Biblidinae;Catonephelini;Catonephele;Catonephele_acontius;3.22;2.23;2.27;2.09;0.75;0.36;1.33;0.16;2.06;7.181;2.8879;1.419;106.671;;LABOR;
Satyrinae;Morphini;Morpho;Morpho_epistrophus;6.587;3.932;5.095;4.244;0.807;0.382;1.188;0.276;2.064;25.9;3.3505;1.293;368.447;;Aline_Zeiss;
Charaxinae;Preponini;Prepona;Prepona_pylene;4.334;2.652;3.229;2.712;0.859;0.494;1.134;0.281;2.068;11.494;3.2685;1.342;89.605;;Aline_Zeiss;
Satyrinae;Satyrini;Pseudodebis;Pseudodebis_euptychidia;3.13;2;2.68;2.29;0.67;0.35;1.35;0.14;2.07;6.26;3.13;1.168;119.365;;LABOR;
Satyrinae;Satyrini;Pseudodebis;Pseudodebis_celia;3.35;2.09;3.01;2.38;0.6;0.39;1.4;0.16;2.07;7.002;3.2057;1.113;122.973;;LABOR;
Biblidinae;Catonephelini;Eunica;Eunica_sydonia;3.2;1.89;2.42;2.31;0.75;0.4;1.23;0.15;2.08;6.048;3.3862;1.322;85.333;;LABOR;
Biblidinae;Catonephelini;Catonephele;Catonephele_sabrina;3.34;1.96;2.41;2.21;0.89;0.4;1.24;0.19;2.08;6.546;3.4082;1.386;78.34;;LABOR;
Biblidinae;Callicorini;Callicore;Callicore_cynosura;3.17;2.08;2.36;2.14;0.78;0.32;1.26;0.22;2.08;6.594;3.0481;1.343;125.813;;YMNH;
Satyrinae;Brassolini;Opoptera;Opoptera_aorsa;4.01;2.64;3.73;3.15;0.83;0.46;1.24;0.31;2.08;10.586;3.0379;1.075;91.558;;LABOR;
Charaxinae;Preponini;Archaeoprepona;Archaeoprepona_chalciope;4.792;2.727;3.689;3.051;1.054;0.554;1.062;0.357;2.082;13.068;3.5145;1.299;70.986;;Aline_Zeiss;
Satyrinae;Brassolini;Opoptera;Opoptera_fruhstorferi;3.96;2.51;3.59;2.64;0.65;NA;1.45;0.29;2.09;9.94;3.1554;1.103;NA;Sexo não identificado;BoA;
Satyrinae;Satyrini;Pseudodebis;Pseudodebis_celia;3.26;2.07;2.91;2.28;0.69;0.33;1.42;0.16;2.12;6.748;3.1498;1.12;141.435;;LABOR;
Satyrinae;Satyrini;Taygetis;Taygetis_sosis;3.36;2.2;2.9;2.42;0.7;0.35;1.37;0.15;2.12;7.392;3.0545;1.159;131.657;;LABOR;
Satyrinae;Satyrini;Taygetis;Taygetis_sosis;3.51;2.09;3.07;2.5;0.68;0.34;1.4;0.14;2.13;7.336;3.3589;1.143;156.728;;LABOR;
Nymphalinae;Coeini;Historis;Historis_acheronta;3.8;2.42;2.41;2.61;0.8;0.48;1.32;0.33;2.13;9.196;3.1405;1.577;78.342;Sexo não identificado;BoA;
Satyrinae;Morphini;Morpho;Morpho_menelaus;6.61;4.19;5.07;4.57;NA;NA;NA;NA;2.13;27.696;3.1551;1.304;NA;Sexo não identificado;BoA;terrestris
Satyrinae;Brassolini;Blepolenis;Blepolenis_bassus;4.28;2.9;3.57;2.83;0.76;0.39;1.38;0.23;2.14;12.412;2.9517;1.199;158.469;;LABOR;
Charaxinae;Preponini;Prepona;Prepona_pylene;4.834;2.95;3.547;3.04;0.91;0.464;1.129;0.238;2.151;14.26;3.2773;1.363;119.271;;Aline_Zeiss;
Biblidinae;Catonephelini;Catonephele;Catonephele_numilia;3.24;2.09;2.39;2.41;0.94;0.52;1.29;0.22;2.16;6.772;3.1005;1.356;41.301;;LABOR;
Satyrinae;Satyrini;Taygetis;Taygetis_echo;3.34;2.18;3.05;2.45;0.64;0.37;1.43;0.14;2.16;7.281;3.0642;1.095;127.324;;LABOR;
Satyrinae;Morphini;Morpho;Morpho_telemachus;8.17;4.73;5.82;5.19;0.92;0.29;1.26;0.35;2.16;38.644;3.4545;1.404;862.701;;FMNH;
Biblidinae;Ageroniini;Hamadryas;Hamadryas_iphthime;3.42;2.07;2.46;2.21;0.82;0.41;1.32;0.18;2.17;7.079;3.3043;1.39;84.854;;LABOR;
Charaxinae;Preponini;Prepona;Prepona_amydon;3.79;2.43;2.42;2.4;NA;NA;NA;0.28;2.17;9.21;3.1193;1.566;NA;Sexo não identificado;BoA;uniformis
Biblidinae;Catonephelini;Catonephele;Catonephele_sabrina;3.27;2.02;2.48;2.31;0.89;0.45;1.23;0.29;2.18;6.605;3.2376;1.319;59.331;;LABOR;
Biblidinae;Catonephelini;Catonephele;Catonephele_acontius;3.11;2.28;2.17;1.98;0.92;0.48;1.33;0.2;2.18;7.091;2.7281;1.433;45.63;;LABOR;
Satyrinae;Satyrini;Taygetis;Taygetis_ypthima;3.46;2.27;3.18;2.58;0.67;0.46;1.48;0.2;2.18;7.854;3.0485;1.088;84.443;;LABOR;
Biblidinae;Ageroniini;Hamadryas;Hamadryas_feronia;3.95;2.39;2.95;2.77;0.97;0.51;1.15;0.25;2.18;9.441;3.3054;1.339;61.842;;LABOR;
Satyrinae;Satyrini;Taygetis;Taygetis_thamyra;3.78;2.59;3.55;2.79;0.76;0.34;1.42;0.26;2.18;9.79;2.9189;1.065;162.634;Macho;BoA;
Satyrinae;Brassolini;Opoptera;Opoptera_sulcius;4.13;2.8;3.77;3.1;0.87;0.34;1.32;0.32;2.18;11.564;2.95;1.095;169.599;;LABOR;
Satyrinae;Morphini;Morpho;Morpho_deidamia;6.64;4.19;4.95;4.43;NA;NA;NA;NA;2.18;27.822;3.1695;1.341;NA;Macho;BoA;diffusa
Satyrinae;Satyrini;Taygetis;Taygetis_echo;3.27;2.13;2.95;2.4;0.67;0.42;1.47;0.17;2.19;6.965;3.0704;1.108;90.474;;LABOR;
Biblidinae;Catonephelini;Eunica;Eunica_sydonia;3.62;2.19;2.64;2.42;0.84;0.45;1.36;0.19;2.2;7.928;3.3059;1.371;77.039;;LABOR;
Biblidinae;Ageroniini;Hamadryas;Hamadryas_iphthime;3.59;2.25;2.56;2.37;0.82;0.35;1.34;0.16;2.2;8.078;3.1911;1.402;128.304;;LABOR;
Biblidinae;Ageroniini;Hamadryas;Hamadryas_arete;3.74;2.37;2.41;2.53;0.94;0.44;1.23;0.18;2.2;8.864;3.1561;1.552;76.862;;LABOR;
Satyrinae;Brassolini;Opoptera;Opoptera_syme;3.95;2.72;3.42;3.1;0.89;0.37;1.26;0.21;2.2;10.744;2.9044;1.155;128.056;;LABOR;
Biblidinae;Catonephelini;Catonephele;Catonephele_numilia;3.43;2.16;2.62;2.69;0.85;0.48;1.36;0.2;2.21;7.409;3.1759;1.309;60.074;;LABOR;
Satyrinae;Satyrini;Taygetis;Taygetis_cleopatra;3.64;2.29;3;2.45;0.69;0.39;1.45;0.16;2.21;8.336;3.179;1.213;126.248;;LABOR;
Charaxinae;Preponini;Prepona;Prepona_pylene;3.86;2.37;2.7;2.35;NA;NA;NA;0.24;2.21;9.148;3.2574;1.43;NA;Sexo não identificado;BoA;
Satyrinae;Satyrini;Taygetis;Taygetis_laches;3.99;2.65;3.62;2.89;0.64;0.36;1.55;0.15;2.21;10.574;3.0113;1.102;191.938;;LABOR;
Satyrinae;Morphini;Morpho;Morpho_epistrophus;6.06;3.54;4.66;3.87;0.92;0.36;1.33;0.23;2.21;21.452;3.4237;1.3;308.001;Sexo não identificado;BoA;catenaria
Biblidinae;Catonephelini;Eunica;Eunica_bechina;3.26;2;2.6;2.12;0.89;0.37;1.34;0.25;2.22;6.52;3.26;1.254;87.225;;LABOR;
Biblidinae;Ageroniini;Hamadryas;Hamadryas_epinome;3.32;2.12;2.54;2.31;0.81;0.43;1.37;0.25;2.22;7.038;3.1321;1.307;73.596;;LABOR;
Biblidinae;Ageroniini;Hamadryas;Hamadryas_epinome;3.48;2.1;2.53;2.31;0.74;0.37;1.46;0.13;2.23;7.308;3.3143;1.375;119.543;;LABOR;
Satyrinae;Satyrini;Taygetis;Taygetis_acuta;3.81;2.38;3.12;2.71;0.75;0.52;1.47;0.18;2.23;9.068;3.2017;1.221;71.578;;LABOR;
Satyrinae;Brassolini;Opoptera;Opoptera_sulcius;4.42;2.94;3.89;3.22;0.75;0.41;1.47;0.25;2.23;12.995;3.0068;1.136;154.959;;LABOR;
Charaxinae;Preponini;Archaeoprepona;Archaeoprepona_chalciope;5.128;3.021;3.967;3.346;0.863;0.504;1.084;0.358;2.231;15.492;3.3949;1.293;119.957;;Aline_Zeiss;
Charaxinae;Preponini;Archaeoprepona;Archaeoprepona_chalciope;4.632;2.813;3.318;3.024;1.022;0.5;1.096;0.357;2.233;13.03;3.2933;1.396;83.974;;Aline_Zeiss;
Charaxinae;Preponini;Prepona;Prepona_amydon;3.47;2.44;2.44;2.47;1.18;0.48;1.07;0.22;2.24;8.467;2.8443;1.422;44.289;Sexo não identificado;BoA;phalcidon
Satyrinae;Morphini;Morpho;Morpho_anaxibia;7.23;4.18;5.29;4.33;0.78;0.5;1.46;0.33;2.24;30.221;3.4593;1.367;268.066;Macho;BoA;
Charaxinae;Preponini;Archaeoprepona;Archaeoprepona_amphimachus;4.328;2.689;2.951;2.808;1.1;0.556;1.147;0.533;2.248;11.638;3.219;1.467;55.085;;Aline_Zeiss;
Biblidinae;Ageroniini;Hamadryas;Hamadryas_arete;3.89;2.4;2.59;2.7;0.85;0.41;1.37;0.31;2.25;9.336;3.2417;1.502;105.904;;LABOR;
Satyrinae;Morphini;Morpho;Morpho_helenor;6.34;3.91;4.94;4.43;0.96;0.42;1.24;0.31;2.25;24.789;3.243;1.283;237.361;Sexo não identificado;BoA;achillides
Biblidinae;Ageroniini;Hamadryas;Hamadryas_fornax;3.42;2.01;2.45;2.31;1.04;0.43;1.21;0.21;2.26;6.874;3.403;1.396;60.825;;LABOR;
Biblidinae;Catonephelini;Catonephele;Catonephele_numilia;3.38;2.12;2.49;2.51;0.88;0.49;1.39;0.26;2.26;7.166;3.1887;1.357;54.07;;LABOR;
Satyrinae;Morphini;Morpho;Morpho_helenor;6.64;4.39;5.38;4.57;0.94;NA;1.31;0.39;2.26;29.15;3.0251;1.234;NA;Sexo não identificado;BoA;theodorus
Nymphalinae;Nymphalini;Smyrna;Smyrna_blomfildia;4.115;2.553;3.104;2.853;1.05;0.523;1.185;0.302;2.266;10.506;3.2237;1.326;58.959;;Aline_Zeiss;
Charaxinae;Preponini;Prepona;Prepona_eugenes;4.19;2.53;2.62;2.54;NA;NA;NA;NA;2.27;10.601;3.3123;1.599;NA;Macho;BoA;
Satyrinae;Morphini;Morpho;Morpho_epistrophus;6.08;3.73;4.82;3.86;0.88;0.38;1.41;0.2;2.27;22.678;3.2601;1.261;290.909;Macho;BoA;catenaria
Charaxinae;Preponini;Prepona;Prepona_pylene;5.28;3.277;4.051;3.363;0.99;0.578;1.269;0.379;2.272;17.303;3.2225;1.303;84.29;;Aline_Zeiss;
Satyrinae;Brassolini;Caligo;Caligo_martia;5.49;3.781;5.052;4.185;1.019;0.65;1.179;0.309;2.274;20.758;2.904;1.087;70.007;;Aline_Zeiss;
Satyrinae;Brassolini;Caligo;Caligo_martia;5.804;4.009;5.352;4.312;0.979;0.513;1.269;0.253;2.278;23.268;2.8955;1.084;130.749;;Aline_Zeiss;
Satyrinae;Brassolini;Brassolis;Brassolis_sophorae;3.57;2.08;2.6;2.37;0.98;0.64;1.28;0.42;2.28;7.426;3.4327;1.373;31.75;;LABOR;
Charaxinae;Preponini;Archaeoprepona;Archaeoprepona_amphimachus;5.27;3.157;3.751;3.317;1.036;0.541;1.168;0.451;2.28;16.637;3.3386;1.405;91.594;;Aline_Zeiss;
Satyrinae;Brassolini;Dasyophthalma;Dasyophthalma_rusina;3.98;2.54;3.4;3.03;0.9;0.51;1.38;0.2;2.29;10.109;3.1339;1.171;67.668;;LABOR;
Charaxinae;Preponini;Prepona;Prepona_amydon;3.68;2.43;2.5;2.44;1.3;0.5;1;0.38;2.3;8.942;3.0288;1.472;41.669;Macho;BoA;phalcidon
Biblidinae;Ageroniini;Hamadryas;Hamadryas_feronia;3.53;2.12;2.69;2.37;0.8;0.45;1.44;0.26;2.31;7.484;3.3302;1.312;76.919;;LABOR;
Satyrinae;Satyrini;Taygetis;Taygetis_laches;3.71;2.56;3.41;2.77;0.81;0.4;1.5;0.17;2.31;9.498;2.8984;1.088;106.204;;LABOR;
Charaxinae;Preponini;Prepona;Prepona_pylene;4.33;2.63;3;2.66;NA;NA;NA;0.23;2.31;11.388;3.2928;1.443;NA;Macho;BoA;
Satyrinae;Morphini;Morpho;Morpho_epistrophus;6.6;4.22;4.95;4.38;0.99;0.43;1.31;0.28;2.32;27.852;3.128;1.333;237.966;Sexo não identificado;BoA;
Biblidinae;Ageroniini;Hamadryas;Hamadryas_amphinome;3.75;2.14;2.46;2.41;1.03;0.5;1.28;0.28;2.34;8.025;3.5047;1.524;54.612;;LABOR;
Satyrinae;Morphini;Morpho;Morpho_telemachus;7.63;4.36;5.64;4.79;1.11;0.82;1.31;0.82;2.34;33.267;3.5;1.353;78.001;;BoA;
Satyrinae;Satyrini;Amphidecta;Amphidecta_pignerator;3.82;2.2;3.21;2.45;0.82;0.54;1.45;0.17;2.35;8.404;3.4727;1.19;61.027;;LABOR;
Charaxinae;Preponini;Prepona;Prepona_claudina;3.96;2.64;2.62;2.62;1.23;0.5;1.13;0.37;2.35;10.454;3;1.511;50.997;Macho;BoA;croesus
Satyrinae;Brassolini;Opoptera;Opoptera_syme;4.01;2.73;3.86;3.19;0.76;0.5;1.56;0.2;2.35;10.947;2.9377;1.039;84.632;;LABOR;
Satyrinae;Morphini;Morpho;Morpho_helenor;6.1;4.06;5.08;4.52;NA;NA;NA;NA;2.35;24.766;3.0049;1.201;NA;Macho;BoA;violaceus
Satyrinae;Morphini;Morpho;Morpho_helenor;6.69;4.4;5.36;4.84;NA;NA;NA;NA;2.35;29.436;3.0409;1.248;NA;Sexo não identificado;BoA;coelestis
Charaxinae;Anaeini;Siderone;Siderone_galanthis;3.99;2.79;2.77;2.79;1.22;0.41;1.15;0.4;2.36;11.132;2.8602;1.44;77.628;Fêmea;BoA;
Charaxinae;Preponini;Prepona;Prepona_amydon;3.45;2.45;2.35;2.33;1.38;0.43;1;0.35;2.37;8.453;2.8163;1.468;46.647;Macho;BoA;phalcidon
Satyrinae;Satyrini;Taygetis;Taygetis_acuta;4.04;2.66;3.48;3;0.76;0.46;1.55;0.23;2.38;10.746;3.0376;1.161;101.492;;LABOR;
Satyrinae;Brassolini;Opoptera;Opoptera_syme;4.03;2.84;3.79;3.18;0.86;0.53;1.51;0.25;2.38;11.445;2.838;1.063;67.23;;LABOR;
Charaxinae;Preponini;Archaeoprepona;Archaeoprepona_demophoon;5.124;2.907;3.524;3.194;1.189;0.598;1.209;0.347;2.388;14.895;3.5253;1.454;61.75;;Aline_Zeiss;
Satyrinae;Satyrini;Taygetis;Taygetis_laches;3.73;2.55;3.62;2.9;0.75;0.43;1.61;0.19;2.39;9.512;2.9255;1.03;100.327;;LABOR;
Satyrinae;Satyrini;Taygetis;Taygetis_sosis;3.72;2.35;3.17;2.65;0.89;0.47;1.49;0.17;2.41;8.742;3.166;1.174;70.388;;LABOR;
Satyrinae;Brassolini;Opsiphanes;Opsiphanes_invirae;3.74;2.73;2.75;2.51;1.04;0.5;1.36;0.33;2.41;10.21;2.7399;1.36;53.798;;LABOR;
Charaxinae;Preponini;Archaeoprepona;Archaeoprepona_amphimachus;4.512;2.842;3.007;3.036;1.12;0.578;1.15;0.517;2.41;12.823;3.1752;1.5;54.408;;Aline_Zeiss;
Satyrinae;Brassolini;Eryphanis;Eryphanis_automedon;5.61;3.83;4.95;4.49;0.97;0.53;1.41;0.28;2.41;21.486;2.9295;1.133;115.505;;LABOR;
Satyrinae;Morphini;Morpho;Morpho_epistrophus;6.26;3.9;4.93;4.31;NA;NA;NA;NA;2.41;24.414;3.2103;1.27;NA;Sexo não identificado;BoA;catenaria
Satyrinae;Morphini;Morpho;Morpho_helenor;6.63;4.36;5.48;4.76;1;0.53;1.38;0.36;2.41;28.907;3.0413;1.21;156.486;Sexo não identificado;BoA;achillides
Charaxinae;Preponini;Prepona;Prepona_pylene;5.395;3.248;4.068;3.285;1.115;0.552;1.213;0.384;2.412;17.523;3.322;1.326;85.67;;Aline_Zeiss;
Charaxinae;Preponini;Archaeoprepona;Archaeoprepona_demophon;5.255;3.069;3.805;3.27;1.077;0.612;1.427;0.54;2.415;16.128;3.4246;1.381;68.458;;;
Biblidinae;Ageroniini;Hamadryas;Hamadryas_laodamia;3.63;2.35;2.47;2.51;0.92;0.44;1.5;0.27;2.42;8.531;3.0894;1.47;73.981;;LABOR;
Biblidinae;Ageroniini;Hamadryas;Hamadryas_guatemalena;3.78;2.4;2.94;2.72;1.02;0.4;1.41;0.17;2.42;9.072;3.15;1.286;87.551;Macho;BoA;
Satyrinae;Satyrini;Taygetis;Taygetis_acuta;3.93;2.51;3.13;2.78;0.79;0.35;1.58;0.18;2.42;9.864;3.1315;1.256;159.596;;LABOR;
Charaxinae;Preponini;Archaeoprepona;Archaeoprepona_amphimachus;4.25;2.68;2.9;2.77;NA;NA;NA;0.35;2.42;11.39;3.1716;1.466;NA;Sexo não identificado;BoA;pseudomeander
Satyrinae;Satyrini;Taygetis;Taygetis_cleopatra;3.58;2.22;2.99;2.49;0.66;0.36;1.68;0.16;2.43;7.948;3.2252;1.197;149.836;;LABOR;
Satyrinae;Brassolini;Opoptera;Opoptera_sulcius;4.32;2.93;4.03;3.19;0.92;0.43;1.53;0.37;2.43;12.658;2.9488;1.072;109.709;;LABOR;
Satyrinae;Brassolini;Eryphanis;Eryphanis_automedon;5.69;3.9;5.53;4.61;0.99;0.53;1.47;0.34;2.43;22.191;2.9179;1.029;116.423;;LABOR;
Satyrinae;Morphini;Morpho;Morpho_deidamia;6.8;4.44;5.06;4.62;1.19;0.43;1.25;0.4;2.43;30.192;3.0631;1.344;210.152;Macho;BoA;neoptolemus
Satyrinae;Brassolini;Caligo;Caligo_martia;6.214;4.109;5.596;4.569;1.013;0.46;1.385;0.451;2.434;25.533;3.0246;1.11;180.143;;Aline_Zeiss;
Satyrinae;Morphini;Morpho;Morpho_telemachus;7.28;4.47;5.54;4.79;1.03;0.58;1.42;0.69;2.44;32.542;3.2573;1.314;152.957;;BoA;
Charaxinae;Preponini;Prepona;Prepona_dexamenus;3.94;2.5;2.68;2.41;NA;NA;NA;0.27;2.45;9.85;3.152;1.47;NA;Sexo não identificado;BoA;leuctra
Charaxinae;Preponini;Prepona;Prepona_eugenes;4.12;2.43;2.78;2.46;NA;NA;NA;0.26;2.45;10.012;3.3909;1.482;NA;Sexo não identificado;BoA;bahiana
Charaxinae;Preponini;Prepona;Prepona_amydon;3.88;2.72;2.66;2.7;1.19;0.39;1.27;0.23;2.45;10.554;2.8529;1.459;83.174;Macho;BoA;excelsior
Biblidinae;Ageroniini;Hamadryas;Hamadryas_feronia;3.65;2.19;2.74;2.53;1.08;0.53;1.35;0.2;2.46;7.994;3.3333;1.332;43.915;;LABOR;
Charaxinae;Preponini;Prepona;Prepona_claudina;4.31;2.62;2.9;3.06;1.03;0.62;1.43;0.56;2.46;11.292;3.2901;1.486;46.917;Sexo não identificado;BoA;anetta
Charaxinae;Anaeini;Siderone;Siderone_galanthis;3.21;2.38;2.53;1.74;1.12;0.57;1.37;0.4;2.47;7.64;2.6975;1.269;28.317;Macho;BoA;
Charaxinae;Preponini;Prepona;Prepona_amydon;4.31;2.86;3.08;2.95;1.09;0.35;1.4;0.34;2.47;12.327;3.014;1.399;139.121;Fêmea;BoA;rubella
Satyrinae;Brassolini;Blepolenis;Blepolenis_catharinae;4.71;3.35;4.03;3.47;1.15;0.42;1.37;0.38;2.47;15.779;2.8119;1.169;109.357;Macho;BoA;
Satyrinae;Morphini;Morpho;Morpho_hercules;7.24;4.19;5.21;4.53;0.98;0.45;1.49;0.36;2.47;30.336;3.4558;1.39;264.135;Sexo não identificado;BoA;
Biblidinae;Ageroniini;Hamadryas;Hamadryas_laodamia;3.64;2.31;2.45;2.5;1.1;0.45;1.37;0.28;2.48;8.408;3.1515;1.486;59.482;;LABOR;
Charaxinae;Preponini;Prepona;Prepona_claudina;3.93;2.51;2.65;2.67;1.08;0.54;1.38;NA;2.48;9.864;3.1315;1.483;49.043;Sexo não identificado;BoA;anetta
Charaxinae;Preponini;Archaeoprepona;Archaeoprepona_amphimachus;4.25;2.61;3.24;2.94;NA;NA;NA;0.25;2.48;11.093;3.2567;1.312;NA;Sexo não identificado;BoA;pseudomeander
Satyrinae;Morphini;Morpho;Morpho_epistrophus;7.289;4.507;5.886;4.925;0.969;0.552;1.367;0.414;2.484;32.852;3.2345;1.238;179.943;;Aline_Zeiss;
Satyrinae;Brassolini;Opsiphanes;Opsiphanes_cassiae;3.78;2.73;2.79;2.49;1.1;0.54;1.29;0.32;2.49;10.319;2.7692;1.355;44.545;;LABOR;
Charaxinae;Preponini;Prepona;Prepona_eugenes;4.31;2.83;2.88;2.83;NA;NA;NA;0.31;2.49;12.197;3.0459;1.497;NA;Sexo não identificado;BoA;
Charaxinae;Preponini;Prepona;Prepona_claudina;4.33;2.86;3.2;2.77;1.1;0.52;1.39;0.37;2.5;12.384;3.028;1.353;63.034;Sexo não identificado;BoA;anetta
Charaxinae;Preponini;Prepona;Prepona_dexamenus;4.57;2.81;2.94;2.77;NA;NA;NA;0.26;2.5;12.842;3.2527;1.554;NA;Não especificado (macho?);BoA;
Satyrinae;Brassolini;Dasyophthalma;Dasyophthalma_rusina;4.58;3.09;3.87;3.53;0.95;0.64;1.57;0.35;2.5;14.152;2.9644;1.183;53.907;;LABOR;
Charaxinae;Preponini;Archaeoprepona;Archaeoprepona_chalciope;4.693;2.668;3.486;3.055;1.159;0.545;1.195;0.256;2.502;12.521;3.518;1.346;63.977;;Aline_Zeiss;
Biblidinae;Ageroniini;Hamadryas;Hamadryas_fornax;3.73;2.19;2.47;2.39;1;0.48;1.47;0.18;2.51;8.169;3.4064;1.51;60.386;;LABOR;
Satyrinae;Morphini;Morpho;Morpho_epistrophus;6.36;3.56;4.73;;0.9;0.43;1.64;0.49;2.51;22.642;3.573;1.345;243.072;Sexo não identificado;BoA;
Satyrinae;Morphini;Morpho;Morpho_helenor;6.59;4.14;5.23;4.72;0.91;0.39;1.64;0.6;2.51;27.283;3.1836;1.26;313.762;Sexo não identificado;BoA;theodorus
Satyrinae;Satyrini;Taygetis;Taygetis_rufomarginata;4.01;2.58;3.46;2.84;0.67;0.48;1.74;0.14;2.52;10.346;3.1085;1.159;104.167;;LABOR;
Satyrinae;Morphini;Morpho;Morpho_menelaus;7.34;4.42;5.65;4.92;NA;NA;NA;NA;2.52;32.443;3.3213;1.299;NA;Sexo não identificado;BoA;occidentalis
Biblidinae;Ageroniini;Hamadryas;Hamadryas_fornax;3.56;2.18;2.52;2.5;1.18;0.46;1.42;0.17;2.53;7.761;3.2661;1.413;50.758;;LABOR;
Charaxinae;Preponini;Archaeoprepona;Archaeoprepona_chalciope;4.58;2.69;3.34;3.03;NA;NA;NA;0.29;2.53;12.32;3.4052;1.371;NA;Sexo não identificado;BoA;
Satyrinae;Brassolini;Blepolenis;Blepolenis_catharinae;4.4;2.96;3.76;3.11;1.07;0.42;1.56;0.27;2.53;13.024;2.973;1.17;102.571;Não específicado (fêmea?);BoA;
Satyrinae;Satyrini;Taygetis;Taygetis_larua;4.13;2.59;3.76;3.06;0.48;0.8;1.73;0.17;2.54;10.697;3.1892;1.098;55.524;;LABOR;
Satyrinae;Brassolini;Eryphanis;Eryphanis_reevesii;5.43;3.57;5.14;4.13;0.86;0.58;1.57;0.3;2.54;19.385;3.042;1.056;101.917;;LABOR;
Satyrinae;Morphini;Morpho;Morpho_anaxibia;7.58;3.94;5.35;4.14;1.01;0.38;1.55;0.39;2.55;29.865;3.8477;1.417;393.958;Fêmea;BoA;
Satyrinae;Morphini;Morpho;Morpho_hercules;7.7;4.45;5.67;4.9;1.09;0.47;1.52;0.35;2.55;34.265;3.4607;1.358;246.24;Sexo não identificado;BoA;
Charaxinae;Preponini;Prepona;Prepona_dexamenus;4.73;3.02;2.95;2.98;NA;NA;NA;0.3;2.56;14.285;3.1325;1.603;NA;Sexo não identificado;BoA;
Satyrinae;Morphini;Morpho;Morpho_anaxibia;7.3;3.94;5.33;4.45;1.06;NA;1.55;0.42;2.57;28.762;3.7056;1.37;NA;Fêmea;BoA;
Satyrinae;Morphini;Morpho;Morpho_menelaus;7.23;4.59;5.95;4.67;1.16;NA;1.42;0.33;2.58;33.186;3.1503;1.215;NA;Sexo não identificado;BoA;occidentalis
Biblidinae;Ageroniini;Hamadryas;Hamadryas_amphinome;3.56;2.22;2.49;2.41;0.97;0.48;1.6;0.21;2.59;7.903;3.2072;1.43;56.708;;LABOR;
Biblidinae;Ageroniini;Hamadryas;Hamadryas_amphinome;3.98;2.36;2.58;2.62;1.13;0.46;1.4;0.22;2.59;9.393;3.3729;1.543;66.248;;LABOR;
Charaxinae;Preponini;Prepona;Prepona_amydon;3.73;2.53;2.6;2.54;1.22;0.55;1.35;0.3;2.59;9.437;2.9486;1.435;37.699;Sexo não identificado;BoA;ferdinandi
Satyrinae;Morphini;Morpho;Morpho_hercules;7.55;4.42;5.54;4.88;0.99;0.42;1.62;0.36;2.6;33.371;3.4163;1.363;326.407;Sexo não identificado;BoA;
Biblidinae;Ageroniini;Hamadryas;Hamadryas_laodamia;3.72;2.4;2.57;2.67;0.87;0.49;1.61;0.4;2.61;8.928;3.1;1.447;66.248;;LABOR;
Charaxinae;Preponini;Mesoprepona;Mesoprepona_pheridamas;4.4;2.62;2.93;2.81;1.05;0.48;1.55;0.31;2.61;11.528;3.3588;1.502;80.026;;FMNH;
Satyrinae;Brassolini;Catoblepia;Catoblepia_berecynthia;4.58;3.23;4.21;3.41;1;0.53;1.52;0.32;2.61;14.793;2.8359;1.088;74.676;;LABOR;
Satyrinae;Morphini;Morpho;Morpho_menelaus;7.66;4.62;5.83;4.85;0.98;0.46;1.63;0.36;2.61;35.389;3.316;1.314;282.954;Macho;BoA;terrestris
Charaxinae;Preponini;Prepona;Prepona_claudina;4.02;2.59;2.7;2.69;NA;NA;NA;0.25;2.62;10.412;3.1042;1.489;NA;Macho;BoA;croesus
Satyrinae;Brassolini;Eryphanis;Eryphanis_reevesii;4.91;3.33;4.79;4.1;1;0.5;1.54;0.4;2.62;16.35;2.9489;1.025;96.432;;LABOR;
Charaxinae;Preponini;Prepona;Prepona_amydon;3.92;2.6;2.44;2.58;1.21;0.54;1.45;0.36;2.64;10.192;3.0154;1.607;43.551;Sexo não identificado;BoA;ferdinandi
Charaxinae;Preponini;Prepona;Prepona_eugenes;4.45;2.7;3.01;2.63;NA;NA;NA;0.27;2.64;12.015;3.2963;1.478;NA;Não especificado (macho?);BoA;
Charaxinae;Preponini;Prepona;Prepona_claudina;3.66;2.5;2.58;2.64;NA;NA;NA;0.18;2.65;9.15;2.928;1.419;NA;Macho;BoA;croesus
Satyrinae;Brassolini;Dasyophthalma;Dasyophthalma_rusina;4.62;3.08;3.86;3.4;0.95;0.54;1.68;0.39;2.65;14.23;3;1.197;77.05;;LABOR;
Satyrinae;Satyrini;Taygetis;Taygetis_mermeria;4.09;2.73;3.77;3.26;0.74;0.48;1.88;0.22;2.66;11.166;2.9963;1.085;98.114;;LABOR;
Satyrinae;Haeterini;Pierella;Pierella_nereis;6.84;3.51;6.146;4.327;1.067;0.637;1.614;0.528;2.66;24.008;3.8974;1.113;108.061;Sexo não identificado;Yale Museum;
Charaxinae;Preponini;Prepona;Prepona_claudina;4.03;2.6;2.68;2.68;1.18;0.45;1.32;0.26;2.67;10.478;3.1;1.504;67.968;Macho;BoA;godmani
Satyrinae;Satyrini;Taygetis;Taygetis_larua;4.26;2.68;3.86;3.19;0.85;0.45;1.75;0.2;2.67;11.417;3.1791;1.104;105.433;;LABOR;
Charaxinae;Preponini;Prepona;Prepona_claudina;4.26;2.85;2.75;2.84;1.41;0.5;1.3;0.43;2.69;12.141;2.9895;1.549;51.483;Macho;BoA;godmani
Charaxinae;Preponini;Prepona;Prepona_laertes;5.38;3.4;4;3.53;NA;NA;NA;0.34;2.7;18.292;3.1647;1.345;NA;Fêmea;BoA;demodice
Charaxinae;Preponini;Prepona;Prepona_amydon;4.01;2.66;2.55;2.52;1.41;0.39;1.3;0.34;2.71;10.667;3.015;1.573;74.979;Macho;BoA;rubella
Charaxinae;Preponini;Prepona;Prepona_laertes;4.42;2.79;3.14;2.95;1.31;0.51;1.36;0.35;2.71;12.332;3.1685;1.408;57.337;Macho;BoA;demodice
Charaxinae;Preponini;Archaeoprepona;Archaeoprepona_chalciope;4.68;2.79;3.5;3.15;NA;NA;NA;0.31;2.71;13.057;3.3548;1.337;NA;Sexo não identificado;BoA;
Satyrinae;Brassolini;Dasyophthalma;Dasyophthalma_creusa;4.64;3.02;3.81;3.76;1.12;0.66;1.59;0.29;2.71;14.013;3.0728;1.218;44.13;;LABOR;
Satyrinae;Brassolini;Penetes;Penetes_pamphanis;4.7;2.74;3.45;2.82;0.93;NA;1.78;0.27;2.72;12.878;3.4307;1.362;NA;Macho;BoA;
Charaxinae;Preponini;Prepona;Prepona_deiphile;5.35;3.4;4;3.52;1.3;0.52;1.45;0.38;2.72;18.19;3.1471;1.338;81.425;Macho;NMNH;
Satyrinae;Brassolini;Dasyophthalma;Dasyophthalma_creusa;4.82;2.91;4.05;3.64;1.04;0.49;1.58;0.23;2.73;14.026;3.3127;1.19;93.04;;LABOR;
Satyrinae;Brassolini;Caligo;Caligo_martia;5.906;3.986;5.413;4.355;0.98;0.461;1.637;0.391;2.732;23.541;2.9634;1.091;167.478;;Aline_Zeiss;
Charaxinae;Preponini;Prepona;Prepona_claudina;4.33;2.85;3.04;2.88;1.28;0.54;1.45;0.23;2.75;12.341;3.0386;1.424;50.232;Macho;BoA;sardanapalus
Satyrinae;Morphini;Morpho;Morpho_menelaus;7.1;4.3;5.81;4.99;1.2;NA;1.58;0.53;2.75;30.53;3.3023;1.222;NA;Sexo não identificado;BoA;verae
Satyrinae;Satyrini;Taygetis;Taygetis_mermeria;4.44;2.96;3.9;3.46;0.8;0.43;1.95;0.22;2.76;13.142;3;1.138;133.272;;LABOR;
Satyrinae;Morphini;Morpho;Morpho_epistrophus;7.54;4.79;5.52;4.89;0.88;0.49;1.94;0.48;2.76;36.117;3.1482;1.366;269.072;Fêmea;BoA;
Charaxinae;Preponini;Prepona;Prepona_claudina;3.88;2.62;2.64;2.64;1.38;0.54;1.41;0.22;2.78;10.166;2.9618;1.47;37.411;Macho;BoA;sardanapalus
Satyrinae;Brassolini;Caligo;Caligo_arisbe;5.63;3.48;4.9;3.99;1.22;0.65;1.57;0.41;2.78;19.592;3.2356;1.149;61.494;;LABOR;
Satyrinae;Brassolini;Caligo;Caligo_arisbe;6.32;3.99;5.79;4.68;1.34;0.7;1.42;0.36;2.79;25.217;3.1679;1.092;60.832;;LABOR;
Satyrinae;Brassolini;Caligo;Caligo_teucer;6.64;4.32;5.49;5.12;1.44;0.62;1.3;NA;2.79;28.685;3.0741;1.209;79.651;Sexo não identificado;BoA;obidonus
Charaxinae;Preponini;Prepona;Prepona_amydon;3.97;2.73;2.67;2.64;1.46;0.43;1.35;0.36;2.8;10.838;2.9084;1.487;58.384;Macho;BoA;rubella
Satyrinae;Brassolini;Opsiphanes;Opsiphanes_quiteria;3.83;2.94;2.61;2.78;1.39;0.64;1.4;0.4;2.8;11.26;2.6054;1.467;25.765;;LABOR;
Charaxinae;Preponini;Prepona;Prepona_laertes;4.86;2.84;2.92;2.84;NA;NA;NA;0.36;2.83;13.802;3.4225;1.664;NA;Sexo não identificado;BoA;
Satyrinae;Brassolini;Catoblepia;Catoblepia_berecynthia;5.26;3.55;4.55;3.71;1.06;0.65;1.7;0.38;2.83;18.673;2.9634;1.156;61.779;;LABOR;
Charaxinae;Preponini;Archaeoprepona;Archaeoprepona_amphimachus;4.73;3.11;3.37;3.26;NA;NA;NA;0.26;2.85;14.71;3.0418;1.404;NA;Sexo não identificado;BoA;pseudomeander
Charaxinae;Preponini;Prepona;Prepona_claudina;4.35;2.96;2.94;3.11;NA;NA;NA;0.39;2.88;12.876;2.9392;1.48;NA;Macho;BoA;sardanapalus
Biblidinae;Ageroniini;Hamadryas;Hamadryas_arete;3.6;2.43;2.39;2.53;1.07;0.56;1.8;0.17;2.89;8.748;2.963;1.506;38.623;;LABOR;
Charaxinae;Preponini;Archaeoprepona;Archaeoprepona_meander;4.7;2.94;3.21;3.14;NA;NA;NA;0.32;2.9;13.818;3.1973;1.464;NA;Sexo não identificado;BoA;castorina
Charaxinae;Preponini;Archaeoprepona;Archaeoprepona_demophoon;4.99;2.96;3.43;3.21;NA;NA;NA;0.32;2.9;14.77;3.3716;1.455;NA;Sexo não identificado;BoA;
Satyrinae;Brassolini;Dasyophthalma;Dasyophthalma_creusa;4.89;3.15;4.12;3.85;1.09;0.48;1.73;0.27;2.91;15.404;3.1048;1.187;95.216;;LABOR;
Satyrinae;Brassolini;Caligo;Caligo_arisbe;6.19;3.97;5.42;4.67;1.32;0.83;1.56;0.44;2.91;24.574;3.1184;1.142;42.136;;LABOR;
Satyrinae;Brassolini;Blepolenis;Blepolenis_bassus;5.59;3.85;4.81;3.83;1.04;0.54;1.86;0.3;2.93;21.522;2.9039;1.162;103.039;;LABOR;
Satyrinae;Brassolini;Catoblepia;Catoblepia_berecynthia;5.45;3.57;4.75;3.98;1.18;0.6;1.63;0.31;2.94;19.457;3.0532;1.147;69.921;;LABOR;
Satyrinae;Brassolini;Blepolenis;Blepolenis_bassus;5.64;3.79;4.96;3.83;0.94;0.49;2.07;0.29;2.99;21.376;2.9763;1.137;140.941;;LABOR;
Satyrinae;Brassolini;Brassolis;Brassolis_astyra;4.24;2.67;3.1;2.77;1.2;0.58;1.84;0.24;3;11.321;3.176;1.368;44.534;Sexo não identificado;BoA;philocala
Satyrinae;Brassolini;Opsiphanes;Opsiphanes_cassiae;4;2.86;2.94;2.74;1.26;0.57;1.75;0.52;3.03;11.44;2.7972;1.361;39.084;;LABOR;
Satyrinae;Brassolini;Caligo;Caligo_brasiliensis;7.53;5.07;6.73;5.77;1.27;0.63;1.66;0.45;3.03;38.177;2.9704;1.119;112.488;;LABOR;
Nymphalinae;Coeini;Historis;Historis_odius;5.05;3.33;3.48;3.53;1.21;0.62;1.69;0.23;3.04;16.817;3.033;1.451;54.829;Sexo não identificado;BoA;
Satyrinae;Satyrini;Taygetis;Taygetis_mermeria;4.75;2.92;3.88;3.38;1.05;0.52;1.95;0.27;3.05;13.87;3.2534;1.224;79.468;;LABOR;
Satyrinae;Brassolini;Opsiphanes;Opsiphanes_invirae;3.84;2.87;2.87;2.87;1.22;0.63;1.88;0.42;3.08;11.021;2.676;1.338;30.452;;LABOR;
Satyrinae;Brassolini;Brassolis;Brassolis_astyra;4.29;2.58;3.05;2.69;1.24;0.57;1.83;0.34;3.14;11.068;3.3256;1.407;45.682;Macho;BoA;astyra
Satyrinae;Brassolini;Opsiphanes;Opsiphanes_quiteria;4.37;3.33;3.12;3.25;1.44;0.74;1.72;0.57;3.14;14.552;2.6246;1.401;24.218;;LABOR;
Satyrinae;Brassolini;Opsiphanes;Opsiphanes_cassiae;4.1;3.08;2.89;3.04;1.42;0.67;1.67;0.5;3.15;12.628;2.6623;1.419;26.371;;LABOR;
Satyrinae;Brassolini;Opsiphanes;Opsiphanes_quiteria;4.27;3.1;3.12;3.07;1.31;0.68;1.83;0.47;3.15;13.237;2.7548;1.369;30.1;;LABOR;
Satyrinae;Brassolini;Caligo;Caligo_illioneus;7.21;5.18;6.35;5.69;1.42;0.85;1.64;0.69;3.15;37.348;2.7838;1.135;50.669;;LABOR;
Satyrinae;Brassolini;Caligo;Caligo_idomeneus;7.67;4.69;6.68;5.53;NA;NA;NA;NA;3.2;35.972;3.2708;1.148;NA;Sexo não identificado;BoA;ariphron
Satyrinae;Brassolini;Caligo;Caligo_teucer;7.01;4.67;5.77;5.5;1.43;0.7;1.83;NA;3.21;32.737;3.0021;1.215;70.13;Sexo não identificado;BoA;obidonus
Satyrinae;Brassolini;Blepolenis;Blepolenis_batea;5.45;3.94;4.68;3.82;1.26;0.65;1.96;0.44;3.22;21.473;2.7665;1.165;55.795;;LABOR;
Satyrinae;Brassolini;Brassolis;Brassolis_sophorae;4.99;2.95;3.63;3.45;1.5;0.94;1.72;0.5;3.25;14.721;3.3831;1.375;18.787;;LABOR;
Satyrinae;Brassolini;Dynastor;Dynastor_darius;4.41;3.59;4.53;3.42;1.17;0.71;2.07;0.63;3.25;15.832;2.4568;0.974;32.974;Fêmea;BoA;
Satyrinae;Brassolini;Opsiphanes;Opsiphanes_invirae;4.19;3.21;3.11;2.95;1.38;0.69;1.97;0.26;3.26;13.45;2.6106;1.347;26.721;;LABOR;
Satyrinae;Brassolini;Caligo;Caligo_idomeneus;8.04;5.1;6.71;6.2;1.23;0.66;2.06;0.21;3.29;41.004;3.1529;1.198;120.648;Sexo não identificado;BoA;ariphron
Satyrinae;Brassolini;Blepolenis;Blepolenis_batea;5.16;3.7;4.11;3.63;1.46;0.64;1.79;0.38;3.31;19.092;2.7892;1.255;44.523;;LABOR;
Satyrinae;Brassolini;Caligo;Caligo_illioneus;6.22;4.36;5.66;4.88;1.12;0.68;2.21;0.45;3.35;27.119;2.8532;1.099;74.704;;LABOR;
Satyrinae;Brassolini;Caligo;Caligo_illioneus;7.17;4.83;6.25;5.42;1.26;0.85;2.06;0.46;3.35;34.631;2.9689;1.147;56.472;;LABOR;
Satyrinae;Brassolini;Caligo;Caligo_idomeneus;7.42;4.64;6;5.69;1.51;0.72;1.86;0.33;3.37;34.429;3.1983;1.237;70.334;Sexo não identificado;BoA;rhoetus
Charaxinae;Anaeini;Memphis;Memphis_appias;6.09;3.97;4.11;3.82;1.72;0.62;1.67;0.4;3.38;24.177;3.068;1.482;56.095;Macho;NMNH;
Satyrinae;Brassolini;Caligo;Caligo_teucer;7.08;4.76;6.05;5.55;1.53;0.71;1.89;0.32;3.38;33.701;2.9748;1.17;64.992;Sexo não identificado;BoA;obidonus
Satyrinae;Brassolini;Caligo;Caligo_brasiliensis;8.08;5.34;7.41;6.21;1.56;1.03;1.82;0.52;3.38;43.147;3.0262;1.09;39.448;;LABOR;
Satyrinae;Brassolini;Catoblepia;Catoblepia_amphirhoe;6.07;3.94;5.52;4.51;1.27;0.68;2.12;0.5;3.43;23.916;3.0812;1.1;62.742;Macho;BoA;
Satyrinae;Brassolini;Blepolenis;Blepolenis_batea;5.99;4.31;4.89;4.03;1.46;0.75;2.11;0.48;3.59;25.817;2.7796;1.225;43.69;;LABOR;
Satyrinae;Brassolini;Selenophanes;Selenophanes_cassiope;4.72;3.52;4.08;3.45;1.38;0.61;2.14;0.39;3.61;16.614;2.6818;1.157;43.386;;LABOR;
Satyrinae;Brassolini;Caligo;Caligo_beltrao;8.07;5.65;6.91;6.02;1.92;0.77;1.7;0.68;3.64;45.596;2.8566;1.168;57.209;;LABOR;
Satyrinae;Brassolini;Brassolis;Brassolis_sophorae;5.17;3.14;3.72;3.53;1.66;0.98;2.07;0.44;3.75;16.234;3.293;1.39;16.766;;LABOR;
Satyrinae;Brassolini;Selenophanes;Selenophanes_cassiope;5.1;3.57;4.11;3.51;1.67;0.63;2.08;0.31;3.78;18.207;2.8571;1.241;39.241;;LABOR;
Satyrinae;Brassolini;Dynastor;Dynastor_darius;5.13;3.78;4.22;3.95;1.18;0.59;2.69;0.28;3.94;19.391;2.7143;1.216;64.069;Sexo não identificado;BoA;faenius
Satyrinae;Melanitini;Manataria;Manataria_hercyna;8.49;5.468;6.723;5.673;1.94;0.773;2.123;0.658;4.186;46.423;3.1053;1.263;62.181;Sexo não identificado;Yale Museum;
Satyrinae;Brassolini;Dynastor;Dynastor_napoleon;8.37;5.11;5.89;5.12;1.73;0.9;3.38;0.8;5.08;42.771;3.2759;1.421;49.994;Fêmea;BoA;
Satyrinae;Satyrini;Euptychia;Euptychia_mollina;1.58;0.96;1.3;1.07;0.31;0.18;NA;NA;NA;1.517;3.2917;1.215;248.546;Macho;BoA;
Satyrinae;Satyrini;Hermeuptychia;Hermeuptychia_fallax;1.72;1;1.26;1.12;0.44;0.2;NA;NA;NA;1.72;3.44;1.365;168.091;Sexo não identificado;BoA;
Satyrinae;Satyrini;Splendeuptychia;Splendeuptychia_hygina;1.73;1.06;1.36;1.13;0.35;0.19;NA;NA;NA;1.834;3.2642;1.272;236.874;;LABOR;
Satyrinae;Satyrini;Hermeuptychia;Hermeuptychia_fallax;1.79;1.03;1.28;1.13;0.48;0.23;NA;NA;NA;1.844;3.4757;1.398;126.185;Sexo não identificado;BoA;
Satyrinae;Satyrini;Paryphthimoides;Paryphthimoides_undulata;1.76;1.06;1.32;1.21;NA;NA;NA;NA;NA;1.866;3.3208;1.333;NA;Sexo não identificado;BoA;
Satyrinae;Satyrini;Cissia;Cissia_myncea;1.79;1.13;1.44;1.34;0.43;0.25;NA;NA;NA;2.023;3.1681;1.243;119.222;Não específicado (fêmea?);BoA;
Satyrinae;Satyrini;Erichthodes;Erichthodes_narapa;1.79;1.16;1.45;1.21;0.38;0.27;NA;NA;NA;2.076;3.0862;1.234;115.663;;LABOR;
Satyrinae;Satyrini;Erichthodes ;Erichthodes_narapa;1.82;1.15;1.49;1.18;0.36;0.19;NA;NA;NA;2.093;3.1652;1.221;254.878;;LABBOR;
Satyrinae;Satyrini;Atlanteuptychia;Atlanteuptychia_ernestina;1.92;1.2;1.61;1.31;0.43;0.26;0.8;0.09;NA;2.304;3.2;1.193;126.82;;LABOR;
Satyrinae;Satyrini;Paryphthimoides;Paryphthimoides_vestigiata;2.09;1.23;1.55;1.49;0.46;0.24;NA;NA;NA;2.571;3.3984;1.348;164.859;Macho;BoA;
Satyrinae;Satyrini;Capronnieria;Capronnieria_galesus;2.01;1.29;1.67;1.43;0.47;0.29;NA;NA;NA;2.593;3.1163;1.204;102.211;;LABOR;
Satyrinae;Satyrini;Yphthimoides;Yphthimoides_saltuensis;2.02;1.32;1.53;1.48;NA;NA;NA;NA;NA;2.666;3.0606;1.32;NA;Sexo não identificado;BoA;
Nymphalinae;Nymphalini;Tigridia;Tigridia_acesta;2.13;1.28;1.69;1.36;0.7;0.27;NA;NA;NA;2.726;3.3281;1.26;88.907;Macho;BoA;
Satyrinae;Satyrini;Haywardella;Haywardella_edmondsii;2.23;1.34;1.7;1.43;0.56;0.21;NA;NA;NA;2.988;3.3284;1.312;201.365;Macho;BoA;
Satyrinae;Satyrini;Cepheuptychia;Cepheuptychia_angelica;2.16;1.39;1.65;1.37;0.49;0.24;NA;NA;NA;3.002;3.1079;1.309;165.306;;LABOR;
Satyrinae;Satyrini;Yphthimoides;Yphthimoides_straminea;2.31;1.3;1.89;1.51;0.6;0.27;NA;NA;NA;3.003;3.5538;1.222;121.996;Macho;BoA;
Satyrinae;Satyrini;Magneuptychia;Magneuptychia_ocnus;2.36;1.46;1.75;1.57;0.53;0.22;NA;NA;NA;3.446;3.2329;1.349;217.121;Macho;BoA;
Biblidinae;Epiphilini;Temenis;Temenis_huebneri;2.42;1.53;1.88;1.56;0.79;NA;NA;NA;NA;3.703;3.1634;1.287;NA;Sexo não identificado;BoA;
Satyrinae;Satyrini;Foetterleia;Foetterleia_schreineri;2.85;1.58;2.43;1.9;0.59;0.25;NA;NA;NA;4.503;3.6076;1.173;220.271;Macho;BoA;
Biblidinae;Catonephelini;Eunica;Eunica_volumna;2.83;1.64;2.03;1.75;0.76;0.23;NA;NA;NA;4.641;3.4512;1.394;199.207;Não específicado (fêmea?);BoA;
Nymphalinae;Nymphalini;Colobura;Colobura_dirce;3;1.87;2.1;1.76;0.99;0.33;NA;NA;NA;5.61;3.2086;1.429;83.479;Macho;BoA;
Satyrinae;Brassolini;Narope;Narope_cyllastros;3;1.91;2.49;2.15;0.83;0.27;NA;NA;NA;5.73;3.1414;1.205;148.743;Macho;BoA;
Satyrinae;Satyrini;Taygetis;Taygetis_leuctra;3.21;1.84;2.84;2.05;0.65;0.32;NA;NA;NA;5.906;3.4891;1.13;154.809;;LABOR;
Charaxinae;Anaeini;Siderone;Siderone_galanthis;3.11;2.2;2.08;2.19;1.05;0.47;NA;NA;NA;6.842;2.8273;1.495;41.7;Macho;BoA;
Satyrinae;Brassolini;Narope;Narope_cyllene;3.28;2.16;2.67;2.45;0.77;0.29;NA;NA;NA;7.085;3.037;1.228;166.135;Sexo não identificado;BoA;
Charaxinae;Preponini;Prepona;Prepona_dexamenus;3.82;2.31;2.51;2.39;1.24;NA;NA;NA;NA;8.824;3.3074;1.522;NA;Sexo não identificado;BoA;
Biblidinae;Ageroniini;Hamadryas;Hamadryas_arinome;3.74;2.42;2.8;2.58;1.21;0.38;NA;NA;NA;9.051;3.0909;1.336;80.055;Sexo não identificado;BoA;
Biblidinae;Ageroniini;Hamadryas;Hamadryas_guatemalena;3.99;2.36;3.17;2.51;1.01;0.33;NA;NA;NA;9.416;3.3814;1.259;144.743;Sexo não identificado;BoA;guatemalena
Nymphalinae;Coeini;Historis;Historis_odius;4.11;2.5;2.31;2.45;NA;NA;NA;NA;NA;10.275;3.288;1.779;NA;;BoA;
Charaxinae;Preponini;Prepona;Prepona_amydon;3.96;2.65;2.62;2.72;1.31;NA;NA;NA;NA;10.494;2.9887;1.511;NA;Sexo não identificado;BoA;ferdinandi
Nymphalinae;Nymphalini;Smyrna;Smyrna_blomfildia;4.03;2.67;2.94;2.72;1.55;0.56;NA;NA;NA;10.76;3.0187;1.371;33.412;Macho;BoA;
Charaxinae;Preponini;Prepona;Prepona_amydon;4.03;2.72;2.73;2.85;1.53;0.55;NA;NA;NA;10.962;2.9632;1.476;35.091;Macho;BoA;excelsior
Charaxinae;Preponini;Prepona;Prepona_claudina;4.24;2.73;2.93;2.91;1.45;0.56;NA;NA;NA;11.575;3.1062;1.447;39.536;Não especificado (macho?);BoA;godmani
Satyrinae;Morphini;Morpho;Morpho_aega;4.46;2.74;2.92;2.77;0.64;NA;NA;NA;NA;12.22;3.2555;1.527;NA;Sexo não identificado;BoA;amargosensis
Satyrinae;Brassolini;Blepolenis;Blepolenis_catharinae;4.52;2.93;3.84;3.08;1.11;0.4;NA;NA;NA;13.244;3.0853;1.177;115.036;Não específicado (fêmea?);BoA;
Charaxinae;Preponini;Prepona;Prepona_laertes;5.12;3.14;3.64;3.13;1.49;NA;NA;NA;NA;16.077;3.2611;1.407;NA;Macho;BoA;demodice
Satyrinae;Morphini;Morpho;Morpho_helenor;5.39;3.54;4.16;3.72;NA;NA;NA;NA;NA;19.081;3.0452;1.296;NA;Macho;BoA;anakreon
Charaxinae;Preponini;Prepona;Prepona_pylene;5.67;3.37;4.02;3.44;1.48;NA;NA;NA;NA;19.108;3.365;1.41;NA;Sexo não identificado;BoA;
Satyrinae;Morphini;Morpho;Morpho_achilles;6.01;3.88;4.48;4;1.68;0.55;NA;NA;NA;23.319;3.0979;1.342;71.075;Macho;BoA;
Satyrinae;Morphini;Morpho;Morpho_achilles;6.23;3.93;4.73;4.42;1.85;0.5;NA;NA;NA;24.484;3.1705;1.317;83.92;Sexo não identificado;BoA;
Satyrinae;Morphini;Morpho;Morpho_helenor;6.31;4.07;4.84;4.3;NA;NA;NA;NA;NA;25.682;3.1007;1.304;NA;Macho;BoA;marajoensis
Satyrinae;Morphini;Morpho;Morpho_helenor;6.51;4.21;5.06;4.43;NA;NA;NA;NA;NA;27.407;3.0926;1.287;NA;Macho;BoA;pindarus
Satyrinae;Morphini;Morpho;Morpho_helenor;6.79;4.4;5.31;4.51;NA;NA;NA;NA;NA;29.876;3.0864;1.279;NA;Macho;BoA;pindarus
Satyrinae;Morphini;Morpho;Morpho_telemachus;6.75;4.43;5.3;4.72;0.94;0.39;NA;NA;NA;29.903;3.0474;1.274;318.677;;FMNH;
Satyrinae;Morphini;Morpho;Morpho_menelaus;7.01;4.38;5.41;4.72;1.7;0.49;NA;NA;NA;30.704;3.2009;1.296;120.391;Sexo não identificado;BoA;occidentalis
Satyrinae;Morphini;Morpho;Morpho_athena;7;4.49;5.28;4.77;1.18;0.54;NA;NA;NA;31.43;3.118;1.326;142.405;Sexo não identificado;BoA;
Satyrinae;Morphini;Morpho;Morpho_telemachus;7.24;4.39;5.58;4.72;1.01;0.35;NA;NA;NA;31.784;3.2984;1.297;423.662;;FMNH;
Satyrinae;Morphini;Morpho;Morpho_menelaus;7.17;4.49;5.4;4.82;1.11;NA;NA;NA;NA;32.193;3.1938;1.328;NA;Sexo não identificado;BoA;kesselringi
Satyrinae;Morphini;Morpho;Morpho_menelaus;7.03;4.58;5.2;4.62;1.32;NA;NA;NA;NA;32.197;3.0699;1.352;NA;Macho;BoA;verae
Satyrinae;Morphini;Morpho;Morpho_menelaus;7.27;4.51;5.42;4.77;NA;NA;NA;NA;NA;32.788;3.2239;1.341;NA;Sexo não identificado;BoA;terrestris
Satyrinae;Morphini;Morpho;Morpho_telemachus;7.8;4.53;5.67;4.88;1.12;0.46;NA;NA;NA;35.334;3.4437;1.376;256.718;;FMNH;
Satyrinae;Brassolini;Caligo;Caligo_brasiliensis;7.43;5.18;6.83;5.88;1.74;0.79;NA;NA;NA;38.487;2.8687;1.088;50.836;;LABOR;
